player,pos,proj,fairValue,leagueExpPrice,espnAV,blendedValue
Jahmyr Gibbs,RB,365.5,79.9,78.3,63.2,57
Puka Nacua,WR,356.6,76.1,74.6,58.0,55
Bijan Robinson,RB,353.0,74.7,73.2,61.7,56
Christian McCaffrey,RB,343.4,70.7,69.3,51.9,47
Ja'Marr Chase,WR,336.4,67.6,66.2,57.1,54
Jaxon Smith-Njigba,WR,326.8,63.6,62.3,54.1,50
Amon-Ra St. Brown,WR,324.5,62.7,61.4,50.4,49
Jonathan Taylor,RB,317.0,59.7,58.5,50.1,44
CeeDee Lamb,WR,294.3,50.1,49.1,46.8,40
Justin Jefferson,WR,293.7,49.8,48.8,45.5,40
De'Von Achane,RB,292.8,49.6,48.6,44.6,37
Ashton Jeanty,RB,281.5,44.8,43.9,38.3,34
James Cook III,RB,279.4,44.0,43.1,42.8,38
Omarion Hampton,RB,279.4,44.0,43.1,34.9,32
Jeremiyah Love,RB,278.8,43.7,42.8,37.2,32
Derrick Henry,RB,274.5,41.9,41.1,32.9,29
Saquon Barkley,RB,273.7,41.6,40.8,36.3,33
Josh Jacobs,RB,273.7,41.6,40.8,27.7,25
Breece Hall,RB,273.1,41.3,40.5,22.3,23
Kenneth Walker III,RB,272.7,41.2,40.4,30.6,28
Chase Brown,RB,272.6,41.1,40.3,31.2,30
Rashee Rice,WR,270.2,40.0,39.2,32.9,33
Drake London,WR,269.6,39.8,39.0,36.4,37
Josh Allen,QB,369.2,37.1,36.4,28.3,27
Javonte Williams,RB,258.7,35.3,34.6,22.4,22
Trey McBride,TE,242.1,34.3,33.6,34.4,30
Brock Bowers,TE,240.2,33.5,32.8,30.4,29
Nico Collins,WR,249.1,31.2,30.6,27.3,28
A.J. Brown,WR,248.5,31.0,30.4,28.2,29
Garrett Wilson,WR,247.9,30.7,30.1,24.0,27
Chris Olave,WR,244.9,29.5,28.9,23.9,27
Cam Skattebo,RB,242.4,28.5,27.9,18.2,21
Travis Etienne Jr.,RB,242.1,28.4,27.8,16.7,17
Tetairoa McMillan,WR,240.3,27.5,26.9,19.5,21
George Pickens,WR,239.1,27.0,26.5,26.1,26
Zay Flowers,WR,239.1,27.0,26.5,18.6,22
DeVonta Smith,WR,238.8,26.9,26.4,19.3,23
Davante Adams,WR,232.6,24.3,23.8,15.2,18
Kyren Williams,RB,232.2,24.3,23.8,20.3,23
Malik Nabers,WR,231.8,24.0,23.5,22.5,23
Emeka Egbuka,WR,229.4,23.0,22.5,17.7,20
Quinshon Judkins,RB,225.3,21.4,21.0,15.7,15
Tyler Warren,TE,208.5,20.2,19.8,12.6,13
Colston Loveland,TE,206.1,19.2,17.5,13.1,15
Ladd McConkey,WR,220.2,19.1,17.4,14.3,17
Tee Higgins,WR,218.5,18.4,16.7,12.2,15
Terry McLaurin,WR,217.6,18.1,16.5,12.1,13
Lamar Jackson,QB,322.5,17.6,16.0,14.6,14
Jalen Hurts,QB,320.8,16.9,15.4,9.5,11
Drake Maye,QB,319.0,16.1,14.7,11.0,12
Jaylen Waddle,WR,212.9,16.1,14.7,11.8,15
Rome Odunze,WR,212.8,16.1,14.7,8.0,12
Jayden Daniels,QB,318.5,15.9,14.5,9.8,11
D'Andre Swift,RB,211.9,15.8,14.4,7.6,12
Carnell Tate,WR,211.2,15.4,14.0,8.5,10
DJ Moore,WR,209.8,14.8,13.5,8.1,14
Jameson Williams,WR,208.8,14.4,13.1,10.1,16
TreVeyon Henderson,RB,208.2,14.3,13.0,8.0,10
Bucky Irving,RB,207.6,14.0,12.7,14.8,17
Luther Burden III,WR,206.0,13.2,12.0,7.7,12
Bhayshul Tuten,RB,204.8,12.8,11.6,8.0,13
Courtland Sutton,WR,204.0,12.4,11.3,4.8,8
Alec Pierce,WR,203.4,12.1,11.0,4.0,10
Sam LaPorta,TE,188.8,12.0,10.9,5.9,7
Harold Fannin Jr.,TE,187.2,11.3,10.3,4.9,9
Kyle Pitts Sr.,TE,185.0,10.4,9.5,6.1,9
Joe Burrow,QB,304.4,10.1,9.2,7.9,8
Michael Pittman Jr.,WR,196.7,9.3,8.5,4.3,9
Jaxson Dart,QB,301.5,8.8,8.0,5.0,5
DK Metcalf,WR,195.2,8.7,7.9,4.4,10
Jadarian Price,RB,194.1,8.4,7.6,8.1,10
Marvin Harrison Jr.,WR,194.0,8.2,7.5,4.3,8
David Montgomery,RB,192.2,7.6,6.9,7.7,10
George Kittle,TE,177.1,7.1,6.5,2.7,2
Travis Kelce,TE,177.0,7.1,6.5,2.3,6
Jaylen Warren,RB,191.1,7.1,6.5,2.7,8
Dallas Goedert,TE,176.7,7.0,6.4,1.9,3
Rhamondre Stevenson,RB,190.9,7.0,6.4,1.8,6
Tony Pollard,RB,189.6,6.5,5.9,4.7,8
Bo Nix,QB,295.1,6.2,5.6,3.3,6
Aaron Jones Sr.,RB,188.8,6.2,5.6,1.4,5
Jordyn Tyson,WR,188.5,5.9,15.4,3.4,6
Matthew Stafford,QB,293.2,5.4,14.1,4.4,4
Parker Washington,WR,187.0,5.3,13.8,3.0,6
Brock Purdy,QB,292.5,5.1,13.3,3.0,5
Tucker Kraft,TE,171.6,4.8,12.5,2.6,4
Christian Watson,WR,185.8,4.8,12.5,2.9,10
Rico Dowdle,RB,185.5,4.8,12.5,2.3,6
Matthew Golden,WR,185.6,4.7,12.3,2.1,5
Mark Andrews,TE,169.6,4.0,10.4,1.3,5
Patrick Mahomes,QB,289.7,3.9,10.2,3.4,3
Chuba Hubbard,RB,182.7,3.6,9.4,2.0,6
Mike Evans,WR,182.8,3.5,9.1,4.8,11
Jakobi Meyers,WR,181.7,3.1,8.1,1.7,6
Trevor Lawrence,QB,287.4,3.0,7.8,3.3,4
Jake Ferguson,TE,167.0,2.9,7.6,1.8,4
Dak Prescott,QB,286.8,2.7,7.0,4.1,6
Kenny Gainwell,RB,178.2,1.8,4.7,1.4,1
Brandon Aubrey,K,171.6,1.0,2.6,5.2,5
Cameron Dicker,K,161.7,1.0,2.6,2.0,2
Texans D/ST,D/ST,128.0,1.0,2.6,3.9,4
Broncos D/ST,D/ST,130.7,1.0,2.6,3.7,4
Seahawks D/ST,D/ST,119.4,1.0,2.6,2.4,2
Jason Myers,K,158.5,1.0,2.6,1.7,2
Rams D/ST,D/ST,123.3,1.0,2.6,4.2,4
Steelers D/ST,D/ST,126.3,1.0,2.6,1.4,1
Ka'imi Fairbairn,K,157.7,1.0,2.6,1.3,1
Harrison Mevis,K,159.5,1.0,2.6,1.3,1
Caleb Williams,QB,282.1,1.0,2.6,3.9,5
Cam Little,K,146.7,1.0,2.6,1.2,1
Ravens D/ST,D/ST,120.0,1.0,2.6,1.4,1
Justin Herbert,QB,282.7,1.0,2.6,2.8,4
Eagles D/ST,D/ST,106.9,1.0,2.6,1.3,1
Brian Thomas Jr.,WR,176.4,1.0,2.6,2.5,6
Makai Lemon,WR,173.3,1.0,2.6,2.1,5
Michael Wilson,WR,176.7,1.0,2.6,2.5,6
Wan'Dale Robinson,WR,174.1,1.0,2.6,1.7,6
J.K. Dobbins,RB,171.6,1.0,2.6,1.6,6
Eddy Pineiro,K,155.3,1.0,2.6,0.9,1
RJ Harvey,RB,167.0,1.0,2.6,1.4,5
Isaiah Likely,TE,156.5,1.0,2.6,1.4,2
Kyle Monangai,RB,176.4,1.0,2.6,1.4,5
Rachaad White,RB,173.9,1.0,2.6,1.5,6
Jordan Addison,WR,170.5,1.0,2.6,1.7,5
Patriots D/ST,D/ST,100.3,1.0,2.6,1.0,1
Josh Downs,WR,173.5,1.0,2.6,1.5,5
Blake Corum,RB,159.4,1.0,2.6,1.2,4
Chris Godwin Jr.,WR,157.7,1.0,2.6,1.4,6
Xavier Worthy,WR,172.8,1.0,2.6,1.1,5
Jonathon Brooks,RB,162.7,1.0,2.6,1.5,4
Khalil Shakir,WR,171.3,1.0,2.6,1.1,5
Quentin Johnston,WR,164.8,1.0,2.6,1.2,5
Harrison Butker,K,148.4,1.0,2.6,0.9,1
Travis Hunter,WR,113.0,1.0,2.6,1.7,2
Jake Bates,K,145.9,1.0,2.6,0.8,1
Kenyon Sadiq,TE,162.4,1.0,2.6,1.2,1
Jayden Reed,WR,170.7,1.0,2.6,1.1,7
Jacory Croskey-Merritt,RB,151.5,1.0,2.6,1.0,4
T.J. Hockenson,TE,158.2,1.0,2.6,1.0,1
KC Concepcion,WR,162.4,1.0,2.6,1.0,4
Romeo Doubs,WR,160.5,1.0,2.6,1.0,5
Woody Marks,RB,127.6,1.0,2.6,0.8,3
Zach Charbonnet,RB,134.0,1.0,2.6,1.0,3
Lions D/ST,D/ST,107.8,1.0,2.6,0.8,1
Browns D/ST,D/ST,104.3,1.0,2.6,0.8,1
Dalton Kincaid,TE,155.6,1.0,2.6,1.1,3
Jared Goff,QB,268.2,1.0,2.6,1.3,4
Deebo Samuel Sr.,WR,171.7,1.0,2.6,1.4,4
Jaguars D/ST,D/ST,83.6,1.0,2.6,0.3,0
Alvin Kamara,RB,126.9,1.0,2.6,0.6,3
Jordan Mason,RB,130.0,1.0,2.6,0.7,3
Kyler Murray,QB,251.0,1.0,2.6,1.1,2
Isiah Pacheco,RB,123.8,1.0,2.6,0.6,2
Hunter Henry,TE,149.8,1.0,2.6,0.9,3
Tyler Loop,K,145.9,1.0,2.6,0.5,0
Stefon Diggs,WR,0.0,1.0,2.6,0.6,2
Ricky Pearsall,WR,0.0,1.0,2.6,0.1,0
Chargers D/ST,D/ST,93.8,1.0,2.6,0.5,0
Baker Mayfield,QB,265.6,1.0,2.6,0.9,1
Tyler Shough,QB,265.5,1.0,2.6,1.0,4
Jalen Coker,WR,149.2,1.0,2.6,0.8,3
Tyjae Spears,RB,149.1,1.0,2.6,0.2,3
Chris Boswell,K,142.7,1.0,2.6,0.3,0
Rashid Shaheed,WR,144.5,1.0,2.6,0.7,3
Jayden Higgins,WR,141.3,1.0,2.6,0.7,3
Chiefs D/ST,D/ST,100.6,1.0,2.6,0.5,0
Cairo Santos,K,144.5,1.0,2.6,0.4,0
Vikings D/ST,D/ST,74.3,1.0,2.6,0.1,0
Will Reichard,K,142.2,1.0,2.6,0.4,0
Jerry Jeudy,WR,138.0,1.0,2.6,0.6,3
Daniel Jones,QB,266.8,1.0,2.6,0.5,0
Jordan Love,QB,259.6,1.0,2.6,0.5,0
Juwan Johnson,TE,142.8,1.0,2.6,0.3,2
Calvin Ridley,WR,143.8,1.0,2.6,0.1,2
Omar Cooper Jr.,WR,104.9,1.0,2.6,0.3,2
Jalen McMillan,WR,133.2,1.0,2.6,0.1,3
Chase McLaughlin,K,142.4,1.0,2.6,0.1,0
Tyler Allgeier,RB,91.4,1.0,2.6,0.1,2
Chris Rodriguez Jr.,RB,71.2,1.0,2.6,0.3,2
Sam Darnold,QB,242.6,1.0,2.6,0.2,1
C.J. Stroud,QB,245.7,1.0,2.6,0.2,0
Denzel Boston,WR,131.7,1.0,2.6,0.1,2
Tyrone Tracy Jr.,RB,87.1,1.0,2.6,0.2,3
Packers D/ST,D/ST,89.3,1.0,2.6,0.1,0
Brenton Strange,TE,142.3,1.0,2.6,0.1,0
Tank Bigsby,RB,64.3,1.0,2.6,0.2,1
Brian Robinson Jr.,RB,94.1,1.0,2.6,0.8,2
Fernando Mendoza,QB,187.4,1.0,2.6,0.2,0
Tre Tucker,WR,137.7,1.0,2.6,0.1,3
Tank Dell,WR,105.5,1.0,2.6,0.1,0
Evan McPherson,K,142.1,1.0,2.6,0.1,0
Tyreek Hill,WR,0.0,1.0,2.6,0.0,0
Malik Willis,QB,237.8,1.0,2.6,0.2,0
Terrance Ferguson,TE,135.9,1.0,2.6,0.1,0
Oronde Gadsden,TE,106.3,1.0,2.6,0.3,0
Cam Ward,QB,218.8,1.0,2.6,0.2,0
Dalton Schultz,TE,133.2,1.0,2.6,0.1,3
Jauan Jennings,WR,114.6,1.0,2.6,0.2,2
Cowboys D/ST,D/ST,64.8,1.0,2.6,0.1,0
Chig Okonkwo,TE,121.5,1.0,2.6,0.1,0
Bears D/ST,D/ST,86.5,1.0,2.6,0.1,0
Buccaneers D/ST,D/ST,92.8,1.0,2.6,0.1,0
De'Zhaun Stribling,WR,110.1,1.0,2.6,0.1,3
Germie Bernard,WR,126.9,1.0,2.6,0.1,2
Cooper Kupp,WR,101.5,1.0,2.6,0.1,1
Pat Freiermuth,TE,135.9,1.0,2.6,0.3,2
49ers D/ST,D/ST,82.8,1.0,2.6,0.1,0
Darnell Mooney,WR,91.9,1.0,2.6,0.2,0
James Conner,RB,0.0,1.0,2.6,0.0,0
Jake Elliott,K,135.9,1.0,2.6,0.1,0
Bryce Young,QB,238.0,1.0,2.6,0.3,0
Jalen Nailor,WR,123.9,1.0,2.6,0.1,2
Antonio Williams,WR,115.2,1.0,2.6,0.1,0
Mike Washington Jr.,RB,65.5,1.0,2.6,0.1,0
Adonai Mitchell,WR,125.4,1.0,2.6,0.1,2
Braelon Allen,RB,76.4,1.0,2.6,0.0,2
Brandon Aiyuk,WR,0.0,1.0,2.6,0.0,0
Keaton Mitchell,RB,64.1,1.0,2.6,0.1,2
AJ Barner,TE,113.8,1.0,2.6,0.1,0
Saints D/ST,D/ST,78.2,1.0,2.6,0.0,0
Trey Smack,K,144.2,1.0,2.6,0.0,0
Ray Davis,RB,38.1,1.0,2.6,0.1,1
Dylan Sampson,RB,86.6,1.0,2.6,0.1,3
Justice Hill,RB,114.3,1.0,2.6,0.0,2
Bills D/ST,D/ST,57.5,1.0,2.6,0.1,0
Rashod Bateman,WR,122.7,1.0,2.6,0.1,3
Titans D/ST,D/ST,67.0,1.0,2.6,0.0,0
Aaron Rodgers,QB,218.4,1.0,2.6,0.4,0
Zachariah Branch,WR,100.9,1.0,2.6,0.0,0
Isaac TeSlaa,WR,73.0,1.0,2.6,0.2,0
Wil Lutz,K,135.7,1.0,2.6,0.1,0
Nick Folk,K,141.4,1.0,2.6,0.0,0
George Holani,RB,41.5,1.0,2.6,0.0,0
Chris Bell,WR,88.6,1.0,2.6,0.0,0
David Njoku,TE,75.4,1.0,2.6,0.0,0
Ja'Kobi Lane,WR,82.0,1.0,2.6,0.0,0
Colts D/ST,D/ST,88.0,1.0,2.6,0.1,0
Malik Washington,WR,105.9,1.0,2.6,0.1,2
Gunnar Helm,TE,126.5,1.0,2.6,0.1,0
Andy Borregales,K,129.0,1.0,2.6,0.0,0
Giants D/ST,D/ST,71.1,1.0,2.6,0.1,0
Odell Beckham Jr.,WR,35.2,1.0,2.6,0.0,0
Jonah Coleman,RB,40.8,1.0,2.6,0.0,0
Jake Tonges,TE,32.9,1.0,2.6,0.0,0
Greg Dulcich,TE,119.2,1.0,2.6,0.3,1
Tre' Harris,WR,89.5,1.0,2.6,0.3,0
Evan Engram,TE,106.4,1.0,2.6,0.1,0
Jacoby Brissett,QB,199.7,1.0,2.6,0.1,0
Ryan Flournoy,WR,89.5,1.0,2.6,0.1,2
Kayshon Boutte,WR,77.6,1.0,2.6,0.2,0
MarShawn Lloyd,RB,64.7,1.0,2.6,0.0,1
Jordan James,RB,61.1,1.0,2.6,0.0,0
Geno Smith,QB,231.9,1.0,2.6,0.2,0
Bengals D/ST,D/ST,87.7,1.0,2.6,0.0,0
Cade Otton,TE,102.3,1.0,2.6,0.2,0
Shedeur Sanders,QB,96.5,1.0,2.6,0.0,0
Cyrus Allen,WR,43.9,1.0,2.6,0.0,0
Nicholas Singleton,RB,19.7,1.0,2.6,0.0,0
Tyler Bass,K,136.7,1.0,2.6,0.0,0
Emmett Johnson,RB,46.3,1.0,2.6,0.0,0
Jack Bech,WR,82.7,1.0,2.6,0.0,0
Kaelon Black,RB,29.0,1.0,2.6,0.0,0
Mike Gesicki,TE,107.1,1.0,2.6,0.1,0
Christian Kirk,WR,46.5,1.0,2.6,0.1,0
Samaje Perine,RB,100.8,1.0,2.6,0.0,2
Jaydon Blue,RB,46.8,1.0,2.6,0.0,0
Xavier Legette,WR,112.1,1.0,2.6,0.0,2
Keon Coleman,WR,59.8,1.0,2.6,0.0,0
Tua Tagovailoa,QB,114.9,1.0,2.6,0.0,0
Raiders D/ST,D/ST,57.2,1.0,2.6,0.0,0
Panthers D/ST,D/ST,62.1,1.0,2.6,0.0,0
Kimani Vidal,RB,38.7,1.0,2.6,0.0,0
Falcons D/ST,D/ST,60.0,1.0,2.6,0.0,0
Troy Franklin,WR,50.7,1.0,2.6,0.0,0
Jaylin Noel,WR,76.3,1.0,2.6,0.0,0
Colby Parkinson,TE,64.6,1.0,2.6,0.1,0
Darnell Washington,TE,72.3,1.0,2.6,0.0,0
Charlie Smyth,K,137.7,1.0,2.6,0.0,0
Kirk Cousins,QB,46.2,1.0,2.6,0.0,0
Tory Horton,WR,65.5,1.0,2.6,0.0,0
Pat Bryant,WR,72.7,1.0,2.6,0.0,0
Dontayvion Wicks,WR,65.6,1.0,2.6,0.0,0
Chimere Dike,WR,30.5,1.0,2.6,0.1,0
Kaytron Allen,RB,15.8,1.0,2.6,0.0,0
Darius Slayton,WR,83.6,1.0,2.6,0.0,0
Jason Sanders,K,128.3,1.0,2.6,0.0,0
Eli Stowers,TE,37.7,1.0,2.6,0.0,0
Deshaun Watson,QB,124.2,1.0,2.6,0.0,0
Jets D/ST,D/ST,83.0,1.0,2.6,0.0,0
Commanders D/ST,D/ST,61.7,1.0,2.6,0.0,0
Devaughn Vele,WR,60.8,1.0,2.6,0.1,0
Carson Beck,QB,28.9,1.0,2.6,0.0,0
Demond Claiborne,RB,24.0,1.0,2.6,0.0,0
J.J. McCarthy,QB,39.9,1.0,2.6,0.0,0
Jaylen Wright,RB,43.3,1.0,2.6,0.0,0
Emanuel Wilson,RB,9.9,1.0,2.6,0.0,0
Malachi Fields,WR,34.1,1.0,2.6,0.0,0
Matt Gay,K,125.2,1.0,2.6,0.0,0
Caleb Douglas,WR,80.4,1.0,2.6,0.0,2
Blake Grupe,K,132.8,1.0,2.6,0.0,0
