player,source,auctionValue
Puka Nacua,fftoday_2026_ppr12_200,52
Jahmyr Gibbs,fftoday_2026_ppr12_200,51
Bijan Robinson,fftoday_2026_ppr12_200,51
Ja'Marr Chase,fftoday_2026_ppr12_200,51
Amon-Ra St. Brown,fftoday_2026_ppr12_200,48
Jaxon Smith-Njigba,fftoday_2026_ppr12_200,46
Christian McCaffrey,fftoday_2026_ppr12_200,43
Jonathan Taylor,fftoday_2026_ppr12_200,38
Drake London,fftoday_2026_ppr12_200,38
Justin Jefferson,fftoday_2026_ppr12_200,34
CeeDee Lamb,fftoday_2026_ppr12_200,34
James Cook,fftoday_2026_ppr12_200,33
Rashee Rice,fftoday_2026_ppr12_200,33
Omarion Hampton,fftoday_2026_ppr12_200,30
De'Von Achane,fftoday_2026_ppr12_200,30
Chris Olave,fftoday_2026_ppr12_200,30
Garrett Wilson,fftoday_2026_ppr12_200,30
Ashton Jeanty,fftoday_2026_ppr12_200,29
Saquon Barkley,fftoday_2026_ppr12_200,29
A.J. Brown,fftoday_2026_ppr12_200,29
Chase Brown,fftoday_2026_ppr12_200,28
Nico Collins,fftoday_2026_ppr12_200,28
Brock Bowers,fftoday_2026_ppr12_200,28
Jeremiyah Love,fftoday_2026_ppr12_200,27
Josh Allen,fftoday_2026_ppr12_200,26
Derrick Henry,fftoday_2026_ppr12_200,26
Zay Flowers,fftoday_2026_ppr12_200,26
DeVonta Smith,fftoday_2026_ppr12_200,26
Trey McBride,fftoday_2026_ppr12_200,26
Kenneth Walker,fftoday_2026_ppr12_200,25
Kyren Williams,fftoday_2026_ppr12_200,25
George Pickens,fftoday_2026_ppr12_200,25
Cam Skattebo,fftoday_2026_ppr12_200,24
Breece Hall,fftoday_2026_ppr12_200,23
Malik Nabers,fftoday_2026_ppr12_200,23
Josh Jacobs,fftoday_2026_ppr12_200,22
Emeka Egbuka,fftoday_2026_ppr12_200,22
Tetairoa McMillan,fftoday_2026_ppr12_200,22
Javonte Williams,fftoday_2026_ppr12_200,21
Davante Adams,fftoday_2026_ppr12_200,21
Jameson Williams,fftoday_2026_ppr12_200,21
Bucky Irving,fftoday_2026_ppr12_200,20
Ladd McConkey,fftoday_2026_ppr12_200,19
D.J. Moore,fftoday_2026_ppr12_200,19
Travis Etienne,fftoday_2026_ppr12_200,18
Bhayshul Tuten,fftoday_2026_ppr12_200,18
Jaylen Waddle,fftoday_2026_ppr12_200,18
Mike Evans,fftoday_2026_ppr12_200,17
Christian Watson,fftoday_2026_ppr12_200,17
Tee Higgins,fftoday_2026_ppr12_200,17
Luther Burden III,fftoday_2026_ppr12_200,17
Rome Odunze,fftoday_2026_ppr12_200,17
D'Andre Swift,fftoday_2026_ppr12_200,16
Alec Pierce,fftoday_2026_ppr12_200,16
DK Metcalf,fftoday_2026_ppr12_200,16
Colston Loveland,fftoday_2026_ppr12_200,16
Quinshon Judkins,fftoday_2026_ppr12_200,15
Terry McLaurin,fftoday_2026_ppr12_200,14
Tyler Warren,fftoday_2026_ppr12_200,14
Drake Maye,fftoday_2026_ppr12_200,13
Lamar Jackson,fftoday_2026_ppr12_200,13
Jayden Daniels,fftoday_2026_ppr12_200,13
Jaylen Warren,fftoday_2026_ppr12_200,13
Michael Pittman Jr.,fftoday_2026_ppr12_200,13
Harold Fannin Jr.,fftoday_2026_ppr12_200,13
Jalen Hurts,fftoday_2026_ppr12_200,12
David Montgomery,fftoday_2026_ppr12_200,12
TreVeyon Henderson,fftoday_2026_ppr12_200,12
Tony Pollard,fftoday_2026_ppr12_200,12
Marvin Harrison Jr.,fftoday_2026_ppr12_200,12
Courtland Sutton,fftoday_2026_ppr12_200,12
Jayden Reed,fftoday_2026_ppr12_200,12
Chuba Hubbard,fftoday_2026_ppr12_200,11
Jadarian Price,fftoday_2026_ppr12_200,11
Rhamondre Stevenson,fftoday_2026_ppr12_200,11
Rachaad White,fftoday_2026_ppr12_200,11
Carnell Tate,fftoday_2026_ppr12_200,11
Kyle Pitts,fftoday_2026_ppr12_200,11
J.K. Dobbins,fftoday_2026_ppr12_200,10
Wan'Dale Robinson,fftoday_2026_ppr12_200,10
Jakobi Meyers,fftoday_2026_ppr12_200,10
Chris Godwin,fftoday_2026_ppr12_200,10
Travis Kelce,fftoday_2026_ppr12_200,10
Joe Burrow,fftoday_2026_ppr12_200,9
Bo Nix,fftoday_2026_ppr12_200,9
Rico Dowdle,fftoday_2026_ppr12_200,9
RJ Harvey,fftoday_2026_ppr12_200,9
Aaron Jones,fftoday_2026_ppr12_200,9
Khalil Shakir,fftoday_2026_ppr12_200,9
Michael Wilson,fftoday_2026_ppr12_200,9
Josh Downs,fftoday_2026_ppr12_200,9
Xavier Worthy,fftoday_2026_ppr12_200,9
Brian Thomas Jr.,fftoday_2026_ppr12_200,9
Romeo Doubs,fftoday_2026_ppr12_200,9
Jordan Addison,fftoday_2026_ppr12_200,9
Sam LaPorta,fftoday_2026_ppr12_200,9
Mark Andrews,fftoday_2026_ppr12_200,9
Dak Prescott,fftoday_2026_ppr12_200,8
Kenneth Gainwell,fftoday_2026_ppr12_200,8
Kyle Monangai,fftoday_2026_ppr12_200,8
Jordyn Tyson,fftoday_2026_ppr12_200,8
Parker Washington,fftoday_2026_ppr12_200,8
Quentin Johnston,fftoday_2026_ppr12_200,8
Brock Purdy,fftoday_2026_ppr12_200,7
Jared Goff,fftoday_2026_ppr12_200,7
Caleb Williams,fftoday_2026_ppr12_200,7
Jacory Croskey-Merritt,fftoday_2026_ppr12_200,7
Blake Corum,fftoday_2026_ppr12_200,7
Matthew Golden,fftoday_2026_ppr12_200,7
KC Concepcion,fftoday_2026_ppr12_200,7
Makai Lemon,fftoday_2026_ppr12_200,7
Jake Ferguson,fftoday_2026_ppr12_200,7
Justin Herbert,fftoday_2026_ppr12_200,6
Tyler Shough,fftoday_2026_ppr12_200,6
Jordan Mason,fftoday_2026_ppr12_200,6
Jonathon Brooks,fftoday_2026_ppr12_200,6
Tyrone Tracy Jr.,fftoday_2026_ppr12_200,6
Alvin Kamara,fftoday_2026_ppr12_200,6
Rashid Shaheed,fftoday_2026_ppr12_200,6
Tre Tucker,fftoday_2026_ppr12_200,6
Jerry Jeudy,fftoday_2026_ppr12_200,6
Deebo Samuel,fftoday_2026_ppr12_200,6
Tucker Kraft,fftoday_2026_ppr12_200,6
Trevor Lawrence,fftoday_2026_ppr12_200,5
Jaxson Dart,fftoday_2026_ppr12_200,5
Woody Marks,fftoday_2026_ppr12_200,5
Tyjae Spears,fftoday_2026_ppr12_200,5
Dylan Sampson,fftoday_2026_ppr12_200,5
Zach Charbonnet,fftoday_2026_ppr12_200,5
Ty Johnson,fftoday_2026_ppr12_200,5
Jalen Coker,fftoday_2026_ppr12_200,5
Rashod Bateman,fftoday_2026_ppr12_200,5
De'Zhaun Stribling,fftoday_2026_ppr12_200,5
Jayden Higgins,fftoday_2026_ppr12_200,5
Jalen McMillan,fftoday_2026_ppr12_200,5
Dallas Goedert,fftoday_2026_ppr12_200,5
Dalton Schultz,fftoday_2026_ppr12_200,5
Hunter Henry,fftoday_2026_ppr12_200,5
Isiah Pacheco,fftoday_2026_ppr12_200,4
Stefon Diggs,fftoday_2026_ppr12_200,4
Germie Bernard,fftoday_2026_ppr12_200,4
Calvin Ridley,fftoday_2026_ppr12_200,4
Jalen Nailor,fftoday_2026_ppr12_200,4
Malik Washington,fftoday_2026_ppr12_200,4
Dalton Kincaid,fftoday_2026_ppr12_200,4
Patrick Mahomes,fftoday_2026_ppr12_200,3
Matthew Stafford,fftoday_2026_ppr12_200,3
Chris Rodriguez Jr.,fftoday_2026_ppr12_200,3
Justice Hill,fftoday_2026_ppr12_200,3
Tyler Allgeier,fftoday_2026_ppr12_200,3
Brian Robinson Jr.,fftoday_2026_ppr12_200,3
Samaje Perine,fftoday_2026_ppr12_200,3
Braelon Allen,fftoday_2026_ppr12_200,3
Keaton Mitchell,fftoday_2026_ppr12_200,3
Adonai Mitchell,fftoday_2026_ppr12_200,3
Omar Cooper Jr.,fftoday_2026_ppr12_200,3
Caleb Douglas,fftoday_2026_ppr12_200,3
Denzel Boston,fftoday_2026_ppr12_200,3
Ryan Flournoy,fftoday_2026_ppr12_200,3
Jauan Jennings,fftoday_2026_ppr12_200,3
Xavier Legette,fftoday_2026_ppr12_200,3
Juwan Johnson,fftoday_2026_ppr12_200,3
Isaiah Likely,fftoday_2026_ppr12_200,3
Pat Freiermuth,fftoday_2026_ppr12_200,3
Kyler Murray,fftoday_2026_ppr12_200,2
Sam Darnold,fftoday_2026_ppr12_200,2
Baker Mayfield,fftoday_2026_ppr12_200,2
Ray Davis,fftoday_2026_ppr12_200,2
Tank Bigsby,fftoday_2026_ppr12_200,2
Emari Demercado,fftoday_2026_ppr12_200,2
MarShawn Lloyd,fftoday_2026_ppr12_200,2
Cooper Kupp,fftoday_2026_ppr12_200,2
Andrei Iosivas,fftoday_2026_ppr12_200,2
Greg Dulcich,fftoday_2026_ppr12_200,2
George Kittle,fftoday_2026_ppr12_200,2
