season,round,slot,overall,teamId,team,player,pos,proTeam
2013,1,1,1,1029198,Futbol?,Adrian Peterson,RB,FA
2013,1,2,2,573189,GERK,Marshawn Lynch,RB,FA
2013,1,3,3,1030247,The Dufflebaggers,Doug Martin,RB,FA
2013,1,4,4,1029559,Gerk Off and Go to bed,Ray Rice,RB,FA
2013,1,5,5,573215,Burrowing Mule,LeSean McCoy,RB,FA
2013,1,6,6,689370,Ehuehuehue,C.J. Spiller,RB,FA
2013,1,7,7,535566,Cabernet Sauvignon,Arian Foster,RB,FA
2013,1,8,8,575068,Capital Punishment,Jamaal Charles,RB,FA
2013,1,9,9,769096,Gronk Demands surgery,Calvin Johnson,WR,FA
2013,1,10,10,573289,The Soup Kitchen,Trent Richardson,RB,FA
2013,2,10,20,1029198,Futbol?,Brandon Marshall,WR,FA
2013,2,9,19,573189,GERK,A.J. Green,WR,FA
2013,2,8,18,1030247,The Dufflebaggers,Peyton Manning,QB,FA
2013,2,7,17,1029559,Gerk Off and Go to bed,Matt Forte,RB,FA
2013,2,6,16,573215,Burrowing Mule,Chris Johnson,RB,FA
2013,2,5,15,689370,Ehuehuehue,Julio Jones,WR,FA
2013,2,4,14,535566,Cabernet Sauvignon,Aaron Rodgers,QB,PIT
2013,2,3,13,575068,Capital Punishment,Alfred Morris,RB,FA
2013,2,2,12,769096,Gronk Demands surgery,Dez Bryant,WR,FA
2013,2,1,11,573289,The Soup Kitchen,Drew Brees,QB,FA
2013,3,1,21,1029198,Futbol?,Tom Brady,QB,FA
2013,3,2,22,573189,GERK,Jimmy Graham,TE,FA
2013,3,3,23,1030247,The Dufflebaggers,Roddy White,WR,FA
2013,3,4,24,1029559,Gerk Off and Go to bed,Demaryius Thomas,WR,FA
2013,3,5,25,573215,Burrowing Mule,Steven Jackson,RB,FA
2013,3,6,26,689370,Ehuehuehue,Maurice Jones-Drew,RB,FA
2013,3,7,27,535566,Cabernet Sauvignon,Randall Cobb,WR,FA
2013,3,8,28,575068,Capital Punishment,Stevan Ridley,RB,FA
2013,3,9,29,769096,Gronk Demands surgery,Reggie Bush,RB,FA
2013,3,10,30,573289,The Soup Kitchen,Andre Johnson,WR,FA
2013,4,10,40,1029198,Futbol?,Frank Gore,RB,FA
2013,4,9,39,573189,GERK,David Wilson,RB,FA
2013,4,8,38,1030247,The Dufflebaggers,Montee Ball,RB,FA
2013,4,7,37,1029559,Gerk Off and Go to bed,Darren McFadden,RB,FA
2013,4,6,36,573215,Burrowing Mule,Vincent Jackson,WR,FA
2013,4,5,35,689370,Ehuehuehue,Matthew Stafford,QB,LAR
2013,4,4,34,535566,Cabernet Sauvignon,Victor Cruz,WR,FA
2013,4,3,33,575068,Capital Punishment,Cam Newton,QB,FA
2013,4,2,32,769096,Gronk Demands surgery,Matt Ryan,QB,FA
2013,4,1,31,573289,The Soup Kitchen,Larry Fitzgerald,WR,FA
2013,5,1,41,1029198,Futbol?,Jason Witten,TE,FA
2013,5,2,42,573189,GERK,Michael Vick,QB,FA
2013,5,3,43,1030247,The Dufflebaggers,Mike Williams,WR,FA
2013,5,4,44,1029559,Gerk Off and Go to bed,Wes Welker,WR,FA
2013,5,5,45,573215,Burrowing Mule,Colin Kaepernick,QB,FA
2013,5,6,46,689370,Ehuehuehue,Ryan Mathews,RB,FA
2013,5,7,47,535566,Cabernet Sauvignon,DeMarco Murray,RB,FA
2013,5,8,48,575068,Capital Punishment,Reggie Wayne,WR,FA
2013,5,9,49,769096,Gronk Demands surgery,Vernon Davis,TE,FA
2013,5,10,50,573289,The Soup Kitchen,Darren Sproles,RB,FA
2013,6,10,60,1029198,Futbol?,Steve Smith,WR,FA
2013,6,9,59,573189,GERK,Marques Colston,WR,FA
2013,6,8,58,1030247,The Dufflebaggers,Seattle Seahawks,D/ST,SEA
2013,6,7,57,1029559,Gerk Off and Go to bed,Hakeem Nicks,WR,FA
2013,6,6,56,573215,Burrowing Mule,Danny Amendola,WR,FA
2013,6,5,55,689370,Ehuehuehue,James Jones,WR,FA
2013,6,4,54,535566,Cabernet Sauvignon,Dwayne Bowe,WR,FA
2013,6,3,53,575068,Capital Punishment,Tony Gonzalez,TE,FA
2013,6,2,52,769096,Gronk Demands surgery,Rob Gronkowski,TE,FA
2013,6,1,51,573289,The Soup Kitchen,Eric Decker,WR,FA
2013,7,1,61,1029198,Futbol?,DeAngelo Williams,RB,FA
2013,7,2,62,573189,GERK,Eddie Lacy,RB,FA
2013,7,3,63,1030247,The Dufflebaggers,Jacquizz Rodgers,RB,FA
2013,7,4,64,1029559,Gerk Off and Go to bed,Tony Romo,QB,FA
2013,7,5,65,573215,Burrowing Mule,Lamar Miller,RB,FA
2013,7,6,66,689370,Ehuehuehue,Antonio Gates,TE,FA
2013,7,7,67,535566,Cabernet Sauvignon,Shane Vereen,RB,FA
2013,7,8,68,575068,Capital Punishment,Torrey Smith,WR,FA
2013,7,9,69,769096,Gronk Demands surgery,Mark Ingram,RB,FA
2013,7,10,70,573289,The Soup Kitchen,Greg Olsen,TE,FA
2013,8,10,80,1029198,Futbol?,Denver Broncos,D/ST,DEN
2013,8,9,79,573189,GERK,Anquan Boldin,WR,FA
2013,8,8,78,1030247,The Dufflebaggers,Martellus Bennett,TE,FA
2013,8,7,77,1029559,Gerk Off and Go to bed,San Francisco 49ers,D/ST,SF
2013,8,6,76,573215,Burrowing Mule,Jordy Nelson,WR,FA
2013,8,5,75,689370,Ehuehuehue,Chris Ivory,RB,FA
2013,8,4,74,535566,Cabernet Sauvignon,Daryl Richardson,RB,FA
2013,8,3,73,575068,Capital Punishment,Robert Griffin,QB,FA
2013,8,2,72,769096,Gronk Demands surgery,Andrew Luck,QB,FA
2013,8,1,71,573289,The Soup Kitchen,Ahmad Bradshaw,RB,FA
2013,9,1,81,1029198,Futbol?,Mike Wallace,WR,FA
2013,9,2,82,573189,GERK,Eli Manning,QB,FA
2013,9,3,83,1030247,The Dufflebaggers,Austin Collie,WR,FA
2013,9,4,84,1029559,Gerk Off and Go to bed,Kyle Rudolph,TE,FA
2013,9,5,85,573215,Burrowing Mule,Jermichael Finley,TE,FA
2013,9,6,86,689370,Ehuehuehue,Houston Texans,D/ST,HOU
2013,9,7,87,535566,Cabernet Sauvignon,Jared Cook,TE,FA
2013,9,8,88,575068,Capital Punishment,Chicago Bears,D/ST,CHI
2013,9,9,89,769096,Gronk Demands surgery,Antonio Brown,WR,FA
2013,9,10,90,573289,The Soup Kitchen,Baltimore Ravens,D/ST,BAL
2013,10,10,100,1029198,Futbol?,Philip Rivers,QB,FA
2013,10,9,99,573189,GERK,Giovani Bernard,RB,FA
2013,10,8,98,1030247,The Dufflebaggers,Justin Blackmon,WR,FA
2013,10,7,97,1029559,Gerk Off and Go to bed,Miles Austin,WR,FA
2013,10,6,96,573215,Burrowing Mule,Ben Tate,RB,FA
2013,10,5,95,689370,Ehuehuehue,Sebastian Janikowski,K,FA
2013,10,4,94,535566,Cabernet Sauvignon,DeSean Jackson,WR,FA
2013,10,3,93,575068,Capital Punishment,Cecil Shorts,WR,FA
2013,10,2,92,769096,Gronk Demands surgery,Pierre Garcon,WR,FA
2013,10,1,91,573289,The Soup Kitchen,Joe Flacco,QB,CIN
2013,11,1,101,1029198,Futbol?,BenJarvus Green-Ellis,RB,FA
2013,11,2,102,573189,GERK,Greg Jennings,WR,FA
2013,11,3,103,1030247,The Dufflebaggers,Julius Thomas,TE,FA
2013,11,4,104,1029559,Gerk Off and Go to bed,Jonathan Dwyer,RB,FA
2013,11,5,105,573215,Burrowing Mule,Bryce Brown,RB,FA
2013,11,6,106,689370,Ehuehuehue,Ben Roethlisberger,QB,FA
2013,11,7,107,535566,Cabernet Sauvignon,T.Y. Hilton,WR,FA
2013,11,8,108,575068,Capital Punishment,Kenny Britt,WR,FA
2013,11,9,109,769096,Gronk Demands surgery,Andre Brown,RB,FA
2013,11,10,110,573289,The Soup Kitchen,Ronnie Hillman,RB,FA
2013,12,10,120,1029198,Futbol?,Brandon Lloyd,WR,FA
2013,12,9,119,573189,GERK,Fred Jackson,RB,FA
2013,12,8,118,1030247,The Dufflebaggers,Justin Tucker,K,FA
2013,12,7,117,1029559,Gerk Off and Go to bed,Matt Schaub,QB,FA
2013,12,6,116,573215,Burrowing Mule,Le'Veon Bell,RB,FA
2013,12,5,115,689370,Ehuehuehue,Russell Wilson,QB,FA
2013,12,4,114,535566,Cabernet Sauvignon,Tavon Austin,WR,FA
2013,12,3,113,575068,Capital Punishment,Owen Daniels,TE,FA
2013,12,2,112,769096,Gronk Demands surgery,Steve Johnson,WR,FA
2013,12,1,111,573289,The Soup Kitchen,Matt Prater,K,FA
2013,13,1,121,1029198,Futbol?,Shonn Greene,RB,FA
2013,13,2,122,573189,GERK,Michael Floyd,WR,FA
2013,13,3,123,1030247,The Dufflebaggers,Sam Bradford,QB,FA
2013,13,4,124,1029559,Gerk Off and Go to bed,Dan Bailey,K,FA
2013,13,5,125,573215,Burrowing Mule,Kenbrell Thompkins,WR,FA
2013,13,6,126,689370,Ehuehuehue,Josh Gordon,WR,FA
2013,13,7,127,535566,Cabernet Sauvignon,Bernard Pierce,RB,FA
2013,13,8,128,575068,Capital Punishment,Andy Dalton,QB,PHI
2013,13,9,129,769096,Gronk Demands surgery,Cincinnati Bengals,D/ST,CIN
2013,13,10,130,573289,The Soup Kitchen,Emmanuel Sanders,WR,FA
2013,14,10,140,1029198,Futbol?,Brandon Myers,TE,FA
2013,14,9,139,573189,GERK,Stephen Gostkowski,K,FA
2013,14,8,138,1030247,The Dufflebaggers,Vincent Brown,WR,FA
2013,14,7,137,1029559,Gerk Off and Go to bed,Rashard Mendenhall,RB,FA
2013,14,6,136,573215,Burrowing Mule,Matt Bryant,K,FA
2013,14,5,135,689370,Ehuehuehue,Alshon Jeffery,WR,FA
2013,14,4,134,535566,Cabernet Sauvignon,Jermaine Gresham,TE,FA
2013,14,3,133,575068,Capital Punishment,Daniel Thomas,RB,FA
2013,14,2,132,769096,Gronk Demands surgery,Carson Palmer,QB,FA
2013,14,1,131,573289,The Soup Kitchen,Jay Cutler,QB,FA
2013,15,1,141,1029198,Futbol?,Sidney Rice,WR,FA
2013,15,2,142,573189,GERK,Golden Tate,WR,FA
2013,15,3,143,1030247,The Dufflebaggers,Willis McGahee,RB,FA
2013,15,4,144,1029559,Gerk Off and Go to bed,Zach Sudfeld,TE,FA
2013,15,5,145,573215,Burrowing Mule,Cordarrelle Patterson,RB,FA
2013,15,6,146,689370,Ehuehuehue,Chris Givens,WR,FA
2013,15,7,147,535566,Cabernet Sauvignon,New England Patriots,D/ST,NE
2013,15,8,148,575068,Capital Punishment,Lance Moore,WR,FA
2013,15,9,149,769096,Gronk Demands surgery,Blair Walsh,K,FA
2013,15,10,150,573289,The Soup Kitchen,Brian Hartline,WR,FA
2013,16,10,160,1029198,Futbol?,David Akers,K,FA
2013,16,9,159,573189,GERK,Green Bay Packers,D/ST,GB
2013,16,8,158,1030247,The Dufflebaggers,LaMichael James,RB,FA
2013,16,7,157,1029559,Gerk Off and Go to bed,Pittsburgh Steelers,D/ST,PIT
2013,16,6,156,573215,Burrowing Mule,Jordan Cameron,TE,FA
2013,16,5,155,689370,Ehuehuehue,Pierre Thomas,RB,FA
2013,16,4,154,535566,Cabernet Sauvignon,Alex Smith,QB,FA
2013,16,3,153,575068,Capital Punishment,Greg Zuerlein,K,FA
2013,16,2,152,769096,Gronk Demands surgery,DuJuan Harris,RB,FA
2013,16,1,151,573289,The Soup Kitchen,Darrius Heyward-Bey,WR,FA
2014,1,1,1,689370,Ehuehuehue,Jamaal Charles,RB,FA
2014,1,2,2,1029198,Futbol?,LeSean McCoy,RB,FA
2014,1,3,3,769096,Gronk Demands a trade,Matt Forte,RB,FA
2014,1,4,4,573289,Three White Guyz Better than Yao?,Adrian Peterson,RB,FA
2014,1,5,5,573215,Burrowing Mule,Eddie Lacy,RB,FA
2014,1,6,6,1029559,Gerk Off and Go to bed,Calvin Johnson,WR,FA
2014,1,7,7,535566,Cabernet Sauvignon,Dez Bryant,WR,FA
2014,1,8,8,575068,Capital Punishment,Jimmy Graham,TE,FA
2014,1,9,9,1030247,The Dufflebaggers,Demaryius Thomas,WR,FA
2014,1,10,10,573189,GERK,Giovani Bernard,RB,FA
2014,2,10,20,689370,Ehuehuehue,Arian Foster,RB,FA
2014,2,9,19,1029198,Futbol?,Drew Brees,QB,FA
2014,2,8,18,769096,Gronk Demands a trade,A.J. Green,WR,FA
2014,2,7,17,573289,Three White Guyz Better than Yao?,Doug Martin,RB,FA
2014,2,6,16,573215,Burrowing Mule,Peyton Manning,QB,FA
2014,2,5,15,1029559,Gerk Off and Go to bed,Aaron Rodgers,QB,PIT
2014,2,4,14,535566,Cabernet Sauvignon,DeMarco Murray,RB,FA
2014,2,3,13,575068,Capital Punishment,Marshawn Lynch,RB,FA
2014,2,2,12,1030247,The Dufflebaggers,Alfred Morris,RB,FA
2014,2,1,11,573189,GERK,Montee Ball,RB,FA
2014,3,1,21,689370,Ehuehuehue,Julio Jones,WR,FA
2014,3,2,22,1029198,Futbol?,Brandon Marshall,WR,FA
2014,3,3,23,769096,Gronk Demands a trade,Julius Thomas,TE,FA
2014,3,4,24,573289,Three White Guyz Better than Yao?,Matthew Stafford,QB,LAR
2014,3,5,25,573215,Burrowing Mule,Le'Veon Bell,RB,FA
2014,3,6,26,1029559,Gerk Off and Go to bed,Zac Stacy,RB,FA
2014,3,7,27,535566,Cabernet Sauvignon,Alshon Jeffery,WR,FA
2014,3,8,28,575068,Capital Punishment,Andrew Luck,QB,FA
2014,3,9,29,1030247,The Dufflebaggers,Jordy Nelson,WR,FA
2014,3,10,30,573189,GERK,Randall Cobb,WR,FA
2014,4,10,40,689370,Ehuehuehue,Andre Johnson,WR,FA
2014,4,9,39,1029198,Futbol?,C.J. Spiller,RB,FA
2014,4,8,38,769096,Gronk Demands a trade,Michael Crabtree,WR,FA
2014,4,7,37,573289,Three White Guyz Better than Yao?,Vincent Jackson,WR,FA
2014,4,6,36,573215,Burrowing Mule,Antonio Brown,WR,FA
2014,4,5,35,1029559,Gerk Off and Go to bed,Ryan Mathews,RB,FA
2014,4,4,34,535566,Cabernet Sauvignon,Rob Gronkowski,TE,FA
2014,4,3,33,575068,Capital Punishment,Pierre Garcon,WR,FA
2014,4,2,32,1030247,The Dufflebaggers,Toby Gerhart,RB,FA
2014,4,1,31,573189,GERK,Andre Ellington,RB,FA
2014,5,1,41,689370,Ehuehuehue,Vernon Davis,TE,FA
2014,5,2,42,1029198,Futbol?,Keenan Allen,WR,FA
2014,5,3,43,769096,Gronk Demands a trade,Rashad Jennings,RB,FA
2014,5,4,44,573289,Three White Guyz Better than Yao?,Frank Gore,RB,FA
2014,5,5,45,573215,Burrowing Mule,Roddy White,WR,FA
2014,5,6,46,1029559,Gerk Off and Go to bed,Ben Tate,RB,FA
2014,5,7,47,535566,Cabernet Sauvignon,Chris Johnson,RB,FA
2014,5,8,48,575068,Capital Punishment,Larry Fitzgerald,WR,FA
2014,5,9,49,1030247,The Dufflebaggers,DeSean Jackson,WR,FA
2014,5,10,50,573189,GERK,Wes Welker,WR,FA
2014,6,10,60,689370,Ehuehuehue,Tom Brady,QB,FA
2014,6,9,59,1029198,Futbol?,Jason Witten,TE,FA
2014,6,8,58,769096,Gronk Demands a trade,Colin Kaepernick,QB,FA
2014,6,7,57,573289,Three White Guyz Better than Yao?,Torrey Smith,WR,FA
2014,6,6,56,573215,Burrowing Mule,Bishop Sankey,RB,FA
2014,6,5,55,1029559,Gerk Off and Go to bed,T.Y. Hilton,WR,FA
2014,6,4,54,535566,Cabernet Sauvignon,Ray Rice,RB,FA
2014,6,3,53,575068,Capital Punishment,Steven Jackson,RB,FA
2014,6,2,52,1030247,The Dufflebaggers,Jordan Cameron,TE,FA
2014,6,1,51,573189,GERK,Reggie Bush,RB,FA
2014,7,1,61,689370,Ehuehuehue,Trent Richardson,RB,FA
2014,7,2,62,1029198,Futbol?,Julian Edelman,WR,FA
2014,7,3,63,769096,Gronk Demands a trade,Mike Wallace,WR,FA
2014,7,4,64,573289,Three White Guyz Better than Yao?,Emmanuel Sanders,WR,FA
2014,7,5,65,573215,Burrowing Mule,Victor Cruz,WR,FA
2014,7,6,66,1029559,Gerk Off and Go to bed,Jordan Reed,TE,FA
2014,7,7,67,535566,Cabernet Sauvignon,Cordarrelle Patterson,RB,FA
2014,7,8,68,575068,Capital Punishment,Bernard Pierce,RB,FA
2014,7,9,69,1030247,The Dufflebaggers,Joique Bell,RB,FA
2014,7,10,70,573189,GERK,Matt Ryan,QB,FA
2014,8,10,80,689370,Ehuehuehue,Darren Sproles,RB,FA
2014,8,9,79,1029198,Futbol?,Shane Vereen,RB,FA
2014,8,8,78,769096,Gronk Demands a trade,Seattle Seahawks,D/ST,SEA
2014,8,7,77,573289,Three White Guyz Better than Yao?,Martellus Bennett,TE,FA
2014,8,6,76,573215,Burrowing Mule,Kyle Rudolph,TE,FA
2014,8,5,75,1029559,Gerk Off and Go to bed,Percy Harvin,WR,FA
2014,8,4,74,535566,Cabernet Sauvignon,Robert Griffin,QB,FA
2014,8,3,73,575068,Capital Punishment,Stevan Ridley,RB,FA
2014,8,2,72,1030247,The Dufflebaggers,Nick Foles,QB,FA
2014,8,1,71,573189,GERK,Michael Floyd,WR,FA
2014,9,1,81,689370,Ehuehuehue,Kansas City Chiefs,D/ST,KC
2014,9,2,82,1029198,Futbol?,Carolina Panthers,D/ST,CAR
2014,9,3,83,769096,Gronk Demands a trade,Eric Decker,WR,FA
2014,9,4,84,573289,Three White Guyz Better than Yao?,Denver Broncos,D/ST,DEN
2014,9,5,85,573215,Burrowing Mule,Jeremy Maclin,WR,FA
2014,9,6,86,1029559,Gerk Off and Go to bed,Marques Colston,WR,FA
2014,9,7,87,535566,Cabernet Sauvignon,Maurice Jones-Drew,RB,FA
2014,9,8,88,575068,Capital Punishment,Lamar Miller,RB,FA
2014,9,9,89,1030247,The Dufflebaggers,Cincinnati Bengals,D/ST,CIN
2014,9,10,90,573189,GERK,Zach Ertz,TE,FA
2014,10,10,100,689370,Ehuehuehue,Philip Rivers,QB,FA
2014,10,9,99,1029198,Futbol?,Anquan Boldin,WR,FA
2014,10,8,98,769096,Gronk Demands a trade,Pierre Thomas,RB,FA
2014,10,7,97,573289,Three White Guyz Better than Yao?,Terrance Williams,WR,FA
2014,10,6,96,573215,Burrowing Mule,Josh Gordon,WR,FA
2014,10,5,95,1029559,Gerk Off and Go to bed,Darren McFadden,RB,FA
2014,10,4,94,535566,Cabernet Sauvignon,Danny Amendola,WR,FA
2014,10,3,93,575068,Capital Punishment,Jonathan Stewart,RB,FA
2014,10,2,92,1030247,The Dufflebaggers,Danny Woodhead,RB,FA
2014,10,1,91,573189,GERK,Arizona Cardinals,D/ST,ARI
2014,11,1,101,689370,Ehuehuehue,Stephen Gostkowski,K,FA
2014,11,2,102,1029198,Futbol?,Tony Romo,QB,FA
2014,11,3,103,769096,Gronk Demands a trade,Aaron Dobson,WR,FA
2014,11,4,104,573289,Three White Guyz Better than Yao?,Russell Wilson,QB,FA
2014,11,5,105,573215,Burrowing Mule,Matt Prater,K,FA
2014,11,6,106,1029559,Gerk Off and Go to bed,Reggie Wayne,WR,FA
2014,11,7,107,535566,Cabernet Sauvignon,DeAngelo Williams,RB,FA
2014,11,8,108,575068,Capital Punishment,Knowshon Moreno,RB,FA
2014,11,9,109,1030247,The Dufflebaggers,Lance Dunbar,RB,FA
2014,11,10,110,573189,GERK,DeAndre Hopkins,WR,FA
2014,12,10,120,689370,Ehuehuehue,Mike Williams,WR,FA
2014,12,9,119,1029198,Futbol?,Fred Jackson,RB,FA
2014,12,8,118,769096,Gronk Demands a trade,Cam Newton,QB,FA
2014,12,7,117,573289,Three White Guyz Better than Yao?,Kendall Wright,WR,FA
2014,12,6,116,573215,Burrowing Mule,Knile Davis,RB,FA
2014,12,5,115,1029559,Gerk Off and Go to bed,Malcom Floyd,WR,FA
2014,12,4,114,535566,Cabernet Sauvignon,Carlos Hyde,RB,FA
2014,12,3,113,575068,Capital Punishment,San Francisco 49ers,D/ST,SF
2014,12,2,112,1030247,The Dufflebaggers,Dennis Pitta,TE,FA
2014,12,1,111,573189,GERK,Mason Crosby,K,FA
2014,13,1,121,689370,Ehuehuehue,Antonio Gates,TE,FA
2014,13,2,122,1029198,Futbol?,Greg Olsen,TE,FA
2014,13,3,123,769096,Gronk Demands a trade,Hakeem Nicks,WR,FA
2014,13,4,124,573289,Three White Guyz Better than Yao?,Justin Tucker,K,FA
2014,13,5,125,573215,Burrowing Mule,Ahmad Bradshaw,RB,FA
2014,13,6,126,1029559,Gerk Off and Go to bed,Chicago Bears,D/ST,CHI
2014,13,7,127,535566,Cabernet Sauvignon,New England Patriots,D/ST,NE
2014,13,8,128,575068,Capital Punishment,Brandin Cooks,WR,FA
2014,13,9,129,1030247,The Dufflebaggers,Jay Cutler,QB,FA
2014,13,10,130,573189,GERK,Jarrett Boykin,WR,FA
2014,14,10,140,689370,Ehuehuehue,Sammy Watkins,WR,FA
2014,14,9,139,1029198,Futbol?,Buffalo Bills,D/ST,BUF
2014,14,8,138,769096,Gronk Demands a trade,Chris Ivory,RB,FA
2014,14,7,137,573289,Three White Guyz Better than Yao?,Robert Turbin,RB,FA
2014,14,6,136,573215,Burrowing Mule,Kelvin Benjamin,WR,FA
2014,14,5,135,1029559,Gerk Off and Go to bed,Stephen Hauschka,K,FA
2014,14,4,134,535566,Cabernet Sauvignon,Ben Roethlisberger,QB,FA
2014,14,3,133,575068,Capital Punishment,Dan Bailey,K,FA
2014,14,2,132,1030247,The Dufflebaggers,Phil Dawson,K,FA
2014,14,1,131,573189,GERK,Devonta Freeman,RB,FA
2014,15,1,141,689370,Ehuehuehue,LeGarrette Blount,RB,FA
2014,15,2,142,1029198,Futbol?,Nick Novak,K,FA
2014,15,3,143,769096,Gronk Demands a trade,Adam Vinatieri,K,FA
2014,15,4,144,573289,Three White Guyz Better than Yao?,Markus Wheaton,WR,FA
2014,15,5,145,573215,Burrowing Mule,Riley Cooper,WR,FA
2014,15,6,146,1029559,Gerk Off and Go to bed,Golden Tate,WR,FA
2014,15,7,147,535566,Cabernet Sauvignon,Johnny Manziel,QB,FA
2014,15,8,148,575068,Capital Punishment,Steve Johnson,WR,FA
2014,15,9,149,1030247,The Dufflebaggers,Odell Beckham,WR,NYG
2014,15,10,150,573189,GERK,Carson Palmer,QB,FA
2014,16,10,160,689370,Ehuehuehue,Cecil Shorts,WR,FA
2014,16,9,159,1029198,Futbol?,Kenny Stills,WR,FA
2014,16,8,158,769096,Gronk Demands a trade,Shayne Graham,K,FA
2014,16,7,157,573289,Three White Guyz Better than Yao?,Jared Cook,TE,FA
2014,16,6,156,573215,Burrowing Mule,Los Angeles Rams,D/ST,LAR
2014,16,5,155,1029559,Gerk Off and Go to bed,Eli Manning,QB,FA
2014,16,4,154,535566,Cabernet Sauvignon,Matt Bryant,K,FA
2014,16,3,153,575068,Capital Punishment,Andrew Hawkins,WR,FA
2014,16,2,152,1030247,The Dufflebaggers,Martavis Bryant,WR,FA
2014,16,1,151,573189,GERK,James Starks,RB,FA
2016,1,1,1,1029559,Gerk Off and Go to bed,Antonio Brown,WR,FA
2016,1,2,2,1173483,Montgomery Biscuits,Odell Beckham,WR,NYG
2016,1,3,3,535566,The Night Terrors,Julio Jones,WR,FA
2016,1,4,4,1030247,The Dufflebaggers,Todd Gurley,RB,FA
2016,1,5,5,573289,Dobbins,David Johnson,RB,FA
2016,1,6,6,769096,Gronk Demands Blood,DeAndre Hopkins,WR,FA
2016,1,7,7,1029198,Futbol?,Lamar Miller,RB,FA
2016,1,8,8,573189,GERK,Ezekiel Elliott,RB,FA
2016,1,9,9,575068,Capital Punishment,Adrian Peterson,RB,FA
2016,1,10,10,1173487,Deez Nuts,Devonta Freeman,RB,FA
2016,1,11,11,689370,Slippery,Cam Newton,QB,FA
2016,1,12,12,573215,Burrowing Mule,Le'Veon Bell,RB,FA
2016,2,12,24,1029559,Gerk Off and Go to bed,Thomas Rawls,RB,FA
2016,2,11,23,1173483,Montgomery Biscuits,Mark Ingram,RB,FA
2016,2,10,22,535566,The Night Terrors,Jamaal Charles,RB,FA
2016,2,9,21,1030247,The Dufflebaggers,LeSean McCoy,RB,FA
2016,2,8,20,573289,Dobbins,C.J. Anderson,RB,FA
2016,2,7,19,769096,Gronk Demands Blood,Aaron Rodgers,QB,PIT
2016,2,6,18,1029198,Futbol?,Dez Bryant,WR,FA
2016,2,5,17,573189,GERK,Eddie Lacy,RB,FA
2016,2,4,16,575068,Capital Punishment,Sammy Watkins,WR,FA
2016,2,3,15,1173487,Deez Nuts,A.J. Green,WR,FA
2016,2,2,14,689370,Slippery,Allen Robinson,WR,FA
2016,2,1,13,573215,Burrowing Mule,Rob Gronkowski,TE,FA
2016,3,1,25,1029559,Gerk Off and Go to bed,T.Y. Hilton,WR,FA
2016,3,2,26,1173483,Montgomery Biscuits,Doug Martin,RB,FA
2016,3,3,27,535566,The Night Terrors,Jordy Nelson,WR,FA
2016,3,4,28,1030247,The Dufflebaggers,Brandon Marshall,WR,FA
2016,3,5,29,573289,Dobbins,Demaryius Thomas,WR,FA
2016,3,6,30,769096,Gronk Demands Blood,Amari Cooper,WR,FA
2016,3,7,31,1029198,Futbol?,Keenan Allen,WR,FA
2016,3,8,32,573189,GERK,Brandin Cooks,WR,FA
2016,3,9,33,575068,Capital Punishment,DeMarco Murray,RB,FA
2016,3,10,34,1173487,Deez Nuts,Mike Evans,WR,SF
2016,3,11,35,689370,Slippery,Jordan Reed,TE,FA
2016,3,12,36,573215,Burrowing Mule,Matt Forte,RB,FA
2016,4,12,48,1029559,Gerk Off and Go to bed,Drew Brees,QB,FA
2016,4,11,47,1173483,Montgomery Biscuits,Julian Edelman,WR,FA
2016,4,10,46,535566,The Night Terrors,Latavius Murray,RB,FA
2016,4,9,45,1030247,The Dufflebaggers,Ben Roethlisberger,QB,FA
2016,4,8,44,573289,Dobbins,Andrew Luck,QB,FA
2016,4,7,43,769096,Gronk Demands Blood,Carlos Hyde,RB,FA
2016,4,6,42,1029198,Futbol?,Golden Tate,WR,FA
2016,4,5,41,573189,GERK,Randall Cobb,WR,FA
2016,4,4,40,575068,Capital Punishment,Greg Olsen,TE,FA
2016,4,3,39,1173487,Deez Nuts,Russell Wilson,QB,FA
2016,4,2,38,689370,Slippery,Giovani Bernard,RB,FA
2016,4,1,37,573215,Burrowing Mule,Alshon Jeffery,WR,FA
2016,5,1,49,1029559,Gerk Off and Go to bed,Arian Foster,RB,FA
2016,5,2,50,1173483,Montgomery Biscuits,DeVante Parker,WR,FA
2016,5,3,51,535566,The Night Terrors,Jonathan Stewart,RB,FA
2016,5,4,52,1030247,The Dufflebaggers,Emmanuel Sanders,WR,FA
2016,5,5,53,573289,Dobbins,Eric Decker,WR,FA
2016,5,6,54,769096,Gronk Demands Blood,Donte Moncrief,WR,FA
2016,5,7,55,1029198,Futbol?,Ryan Mathews,RB,FA
2016,5,8,56,573189,GERK,John Brown,WR,FA
2016,5,9,57,575068,Capital Punishment,Larry Fitzgerald,WR,FA
2016,5,10,58,1173487,Deez Nuts,Duke Johnson,RB,FA
2016,5,11,59,689370,Slippery,Jeremy Maclin,WR,FA
2016,5,12,60,573215,Burrowing Mule,Kelvin Benjamin,WR,FA
2016,6,12,72,1029559,Gerk Off and Go to bed,Josh Gordon,WR,FA
2016,6,11,71,1173483,Montgomery Biscuits,Matt Jones,RB,FA
2016,6,10,70,535566,The Night Terrors,Jarvis Landry,WR,FA
2016,6,9,69,1030247,The Dufflebaggers,Kevin White,WR,FA
2016,6,8,68,573289,Dobbins,Delanie Walker,TE,FA
2016,6,7,67,769096,Gronk Demands Blood,Tyler Lockett,WR,FA
2016,6,6,66,1029198,Futbol?,Travis Kelce,TE,KC
2016,6,5,65,573189,GERK,Carson Palmer,QB,FA
2016,6,4,64,575068,Capital Punishment,Tom Brady,QB,FA
2016,6,3,63,1173487,Deez Nuts,Doug Baldwin,WR,FA
2016,6,2,62,689370,Slippery,Michael Floyd,WR,FA
2016,6,1,61,573215,Burrowing Mule,Jeremy Hill,RB,FA
2016,7,1,73,1029559,Gerk Off and Go to bed,Rashad Jennings,RB,FA
2016,7,2,74,1173483,Montgomery Biscuits,Blake Bortles,QB,FA
2016,7,3,75,535566,The Night Terrors,Frank Gore,RB,FA
2016,7,4,76,1030247,The Dufflebaggers,Jeremy Langford,RB,FA
2016,7,5,77,573289,Dobbins,DeSean Jackson,WR,FA
2016,7,6,78,769096,Gronk Demands Blood,Zach Ertz,TE,FA
2016,7,7,79,1029198,Futbol?,Denver Broncos,D/ST,DEN
2016,7,8,80,573189,GERK,Charles Sims,RB,FA
2016,7,9,81,575068,Capital Punishment,Chris Ivory,RB,FA
2016,7,10,82,1173487,Deez Nuts,Coby Fleener,TE,FA
2016,7,11,83,689370,Slippery,Ameer Abdullah,RB,JAC
2016,7,12,84,573215,Burrowing Mule,Jordan Matthews,WR,FA
2016,8,12,96,1029559,Gerk Off and Go to bed,Antonio Gates,TE,FA
2016,8,11,95,1173483,Montgomery Biscuits,Dwayne Allen,TE,FA
2016,8,10,94,535566,The Night Terrors,Dion Lewis,RB,FA
2016,8,9,93,1030247,The Dufflebaggers,Minnesota Vikings,D/ST,MIN
2016,8,8,92,573289,Dobbins,Justin Forsett,RB,FA
2016,8,7,91,769096,Gronk Demands Blood,Melvin Gordon,RB,FA
2016,8,6,90,1029198,Futbol?,Philip Rivers,QB,FA
2016,8,5,89,573189,GERK,Allen Hurns,WR,FA
2016,8,4,88,575068,Capital Punishment,Tyrod Taylor,QB,GB
2016,8,3,87,1173487,Deez Nuts,Torrey Smith,WR,FA
2016,8,2,86,689370,Slippery,Jameis Winston,QB,NYG
2016,8,1,85,573215,Burrowing Mule,DeAngelo Williams,RB,FA
2016,9,1,97,1029559,Gerk Off and Go to bed,Vincent Jackson,WR,FA
2016,9,2,98,1173483,Montgomery Biscuits,Marcus Mariota,QB,WAS
2016,9,3,99,535566,The Night Terrors,Eli Manning,QB,FA
2016,9,4,100,1030247,The Dufflebaggers,Tyler Eifert,TE,FA
2016,9,5,101,573289,Dobbins,Stefon Diggs,WR,WAS
2016,9,6,102,769096,Gronk Demands Blood,Cincinnati Bengals,D/ST,CIN
2016,9,7,103,1029198,Futbol?,Tavon Austin,WR,FA
2016,9,8,104,573189,GERK,Derek Carr,QB,FA
2016,9,9,105,575068,Capital Punishment,Kirk Cousins,QB,LV
2016,9,10,106,1173487,Deez Nuts,Seattle Seahawks,D/ST,SEA
2016,9,11,107,689370,Slippery,Sterling Shepard,WR,FA
2016,9,12,108,573215,Burrowing Mule,Matt Ryan,QB,FA
2016,10,12,120,1029559,Gerk Off and Go to bed,Jimmy Graham,TE,FA
2016,10,11,119,1173483,Montgomery Biscuits,Javorius Allen,RB,FA
2016,10,10,118,535566,The Night Terrors,Carolina Panthers,D/ST,CAR
2016,10,9,117,1030247,The Dufflebaggers,Markus Wheaton,WR,FA
2016,10,8,116,573289,Dobbins,Green Bay Packers,D/ST,GB
2016,10,7,115,769096,Gronk Demands Blood,New England Patriots,D/ST,NE
2016,10,6,114,1029198,Futbol?,Michael Crabtree,WR,FA
2016,10,5,113,573189,GERK,Victor Cruz,WR,FA
2016,10,4,112,575068,Capital Punishment,Andy Dalton,QB,PHI
2016,10,3,111,1173487,Deez Nuts,Justin Tucker,K,FA
2016,10,2,110,689370,Slippery,Arizona Cardinals,D/ST,ARI
2016,10,1,109,573215,Burrowing Mule,Isaiah Crowell,RB,FA
2016,11,1,121,1029559,Gerk Off and Go to bed,Terrance Williams,WR,FA
2016,11,2,122,1173483,Montgomery Biscuits,Jay Ajayi,RB,FA
2016,11,3,123,535566,The Night Terrors,Danny Woodhead,RB,FA
2016,11,4,124,1030247,The Dufflebaggers,Derrick Henry,RB,BAL
2016,11,5,125,573289,Dobbins,Brandon McManus,K,FA
2016,11,6,126,769096,Gronk Demands Blood,Stephen Gostkowski,K,FA
2016,11,7,127,1029198,Futbol?,T.J. Yeldon,RB,FA
2016,11,8,128,573189,GERK,Stephen Anderson,TE,FA
2016,11,9,129,575068,Capital Punishment,Kamar Aiken,WR,FA
2016,11,10,130,1173487,Deez Nuts,Chris Thompson,RB,FA
2016,11,11,131,689370,Slippery,Bilal Powell,RB,FA
2016,11,12,132,573215,Burrowing Mule,Stephen Hauschka,K,FA
2016,12,12,144,1029559,Gerk Off and Go to bed,Alfred Morris,RB,FA
2016,12,11,143,1173483,Montgomery Biscuits,Houston Texans,D/ST,HOU
2016,12,10,142,535566,The Night Terrors,Gary Barnidge,TE,FA
2016,12,9,141,1030247,The Dufflebaggers,Laquon Treadwell,WR,IND
2016,12,8,140,573289,Dobbins,Jerick McKinnon,RB,FA
2016,12,7,139,769096,Gronk Demands Blood,LeGarrette Blount,RB,FA
2016,12,6,138,1029198,Futbol?,Martellus Bennett,TE,FA
2016,12,5,137,573189,GERK,Mason Crosby,K,FA
2016,12,4,136,575068,Capital Punishment,New York Giants,D/ST,NYG
2016,12,3,135,1173487,Deez Nuts,Dorial Green-Beckham,WR,FA
2016,12,2,134,689370,Slippery,Marvin Jones,WR,FA
2016,12,1,133,573215,Burrowing Mule,Chris Johnson,RB,FA
2016,13,1,145,1029559,Gerk Off and Go to bed,Charcandrick West,RB,FA
2016,13,2,146,1173483,Montgomery Biscuits,Sammie Coates,WR,FA
2016,13,3,147,535566,The Night Terrors,Corey Coleman,WR,FA
2016,13,4,148,1030247,The Dufflebaggers,Theo Riddick,RB,FA
2016,13,5,149,573289,Dobbins,Eric Ebron,TE,FA
2016,13,6,150,769096,Gronk Demands Blood,Shane Vereen,RB,FA
2016,13,7,151,1029198,Futbol?,Phillip Dorsett,WR,LV
2016,13,8,152,573189,GERK,Chandler Catanzaro,K,FA
2016,13,9,153,575068,Capital Punishment,Zach Miller,TE,FA
2016,13,10,154,1173487,Deez Nuts,Jordan Cameron,TE,FA
2016,13,11,155,689370,Slippery,Austin Seferian-Jenkins,TE,FA
2016,13,12,156,573215,Burrowing Mule,Mike Wallace,WR,FA
2016,14,12,168,1029559,Gerk Off and Go to bed,Dan Bailey,K,FA
2016,14,11,167,1173483,Montgomery Biscuits,Blair Walsh,K,FA
2016,14,10,166,535566,The Night Terrors,Willie Snead,WR,FA
2016,14,9,165,1030247,The Dufflebaggers,Ryan Fitzpatrick,QB,FA
2016,14,8,164,573289,Dobbins,Matthew Stafford,QB,LAR
2016,14,7,163,769096,Gronk Demands Blood,Tony Romo,QB,FA
2016,14,6,162,1029198,Futbol?,Anquan Boldin,WR,FA
2016,14,5,161,573189,GERK,Pittsburgh Steelers,D/ST,PIT
2016,14,4,160,575068,Capital Punishment,Cairo Santos,K,CHI
2016,14,3,159,1173487,Deez Nuts,Pierre Garcon,WR,FA
2016,14,2,158,689370,Slippery,Adam Vinatieri,K,FA
2016,14,1,157,573215,Burrowing Mule,Jared Cook,TE,FA
2016,15,1,169,1029559,Gerk Off and Go to bed,Dallas Cowboys,D/ST,DAL
2016,15,2,170,1173483,Montgomery Biscuits,Kansas City Chiefs,D/ST,KC
2016,15,3,171,535566,The Night Terrors,Ryan Tannehill,QB,FA
2016,15,4,172,1030247,The Dufflebaggers,Julius Thomas,TE,FA
2016,15,5,173,573289,Dobbins,Travis Benjamin,WR,FA
2016,15,6,174,769096,Gronk Demands Blood,Rishard Matthews,WR,FA
2016,15,7,175,1029198,Futbol?,Graham Gano,K,FA
2016,15,8,176,573189,GERK,Devin Aguilar,WR,FA
2016,15,9,177,575068,Capital Punishment,Ladarius Green,TE,FA
2016,15,10,178,1173487,Deez Nuts,Jay Cutler,QB,FA
2016,15,11,179,689370,Slippery,Michael Thomas,WR,FA
2016,15,12,180,573215,Burrowing Mule,Philadelphia Eagles,D/ST,PHI
2016,16,12,192,1029559,Gerk Off and Go to bed,Sam Bradford,QB,FA
2016,16,11,191,1173483,Montgomery Biscuits,Richard Rodgers,TE,FA
2016,16,10,190,535566,The Night Terrors,Mike Nugent,K,FA
2016,16,9,189,1030247,The Dufflebaggers,James Jones,WR,FA
2016,16,8,188,573289,Dobbins,Ted Ginn,WR,FA
2016,16,7,187,769096,Gronk Demands Blood,Rueben Randle,WR,FA
2016,16,6,186,1029198,Futbol?,C.J. Spiller,RB,FA
2016,16,5,185,573189,GERK,James Starks,RB,FA
2016,16,4,184,575068,Capital Punishment,Mohamed Sanu,WR,FA
2016,16,3,183,1173487,Deez Nuts,Darren McFadden,RB,FA
2016,16,2,182,689370,Slippery,Devontae Booker,RB,FA
2016,16,1,181,573215,Burrowing Mule,Calvin Johnson,WR,FA
2017,1,1,1,1173483,Montgomery Biscuits,David Johnson,RB,FA
2017,1,2,2,573289,Dobbins,Le'Veon Bell,RB,FA
2017,1,3,3,1173487,Deez Nuts,Ezekiel Elliott,RB,FA
2017,1,4,4,689370,Dranky,Antonio Brown,WR,FA
2017,1,5,5,573215,Burrowing Mule,LeSean McCoy,RB,FA
2017,1,6,6,769096,Fuuuuuuuuuuuuck,Odell Beckham,WR,NYG
2017,1,7,7,535566,The Night Terrors,Julio Jones,WR,FA
2017,1,8,8,1029559,Valley Vikings,Mike Evans,WR,SF
2017,1,9,9,1320709,East Mississippi Community College,Jordy Nelson,WR,FA
2017,1,10,10,1030247,The Dufflebaggers,Devonta Freeman,RB,FA
2017,1,11,11,1029198,Melvin and the Mango Boys,Melvin Gordon,RB,FA
2017,1,12,12,573189,GERK,Jordan Howard,RB,FA
2017,2,12,24,1173483,Montgomery Biscuits,Aaron Rodgers,QB,PIT
2017,2,11,23,573289,Dobbins,Todd Gurley,RB,FA
2017,2,10,22,1173487,Deez Nuts,Amari Cooper,WR,FA
2017,2,9,21,689370,Dranky,Leonard Fournette,RB,FA
2017,2,8,20,573215,Burrowing Mule,Lamar Miller,RB,FA
2017,2,7,19,769096,Fuuuuuuuuuuuuck,Brandin Cooks,WR,FA
2017,2,6,18,535566,The Night Terrors,T.Y. Hilton,WR,FA
2017,2,5,17,1029559,Valley Vikings,Dez Bryant,WR,FA
2017,2,4,16,1320709,East Mississippi Community College,DeMarco Murray,RB,FA
2017,2,3,15,1030247,The Dufflebaggers,Michael Thomas,WR,FA
2017,2,2,14,1029198,Melvin and the Mango Boys,Jay Ajayi,RB,FA
2017,2,1,13,573189,GERK,A.J. Green,WR,FA
2017,3,1,25,1173483,Montgomery Biscuits,Rob Gronkowski,TE,FA
2017,3,2,26,573289,Dobbins,Doug Baldwin,WR,FA
2017,3,3,27,1173487,Deez Nuts,DeAndre Hopkins,WR,FA
2017,3,4,28,689370,Dranky,Marshawn Lynch,RB,FA
2017,3,5,29,573215,Burrowing Mule,Demaryius Thomas,WR,FA
2017,3,6,30,769096,Fuuuuuuuuuuuuck,Isaiah Crowell,RB,FA
2017,3,7,31,535566,The Night Terrors,Tom Brady,QB,FA
2017,3,8,32,1029559,Valley Vikings,Carlos Hyde,RB,FA
2017,3,9,33,1320709,East Mississippi Community College,Terrelle Pryor,WR,FA
2017,3,10,34,1030247,The Dufflebaggers,Ty Montgomery,RB,FA
2017,3,11,35,1029198,Melvin and the Mango Boys,Travis Kelce,TE,KC
2017,3,12,36,573189,GERK,Mike Gillislee,RB,FA
2017,4,12,48,1173483,Montgomery Biscuits,Allen Robinson,WR,FA
2017,4,11,47,573289,Dobbins,Sammy Watkins,WR,FA
2017,4,10,46,1173487,Deez Nuts,Greg Olsen,TE,FA
2017,4,9,45,689370,Dranky,Alshon Jeffery,WR,FA
2017,4,8,44,573215,Burrowing Mule,Drew Brees,QB,FA
2017,4,7,43,769096,Fuuuuuuuuuuuuck,Christian McCaffrey,RB,SF
2017,4,6,42,535566,The Night Terrors,Joe Mixon,RB,FA
2017,4,5,41,1029559,Valley Vikings,Spencer Ware,RB,FA
2017,4,4,40,1320709,East Mississippi Community College,Jordan Reed,TE,FA
2017,4,3,39,1030247,The Dufflebaggers,Denver Broncos,D/ST,DEN
2017,4,2,38,1029198,Melvin and the Mango Boys,Keenan Allen,WR,FA
2017,4,1,37,573189,GERK,Davante Adams,WR,LAR
2017,5,1,49,1173483,Montgomery Biscuits,Mark Ingram,RB,FA
2017,5,2,50,573289,Dobbins,Michael Crabtree,WR,FA
2017,5,3,51,1173487,Deez Nuts,Dalvin Cook,RB,FA
2017,5,4,52,689370,Dranky,Ameer Abdullah,RB,JAC
2017,5,5,53,573215,Burrowing Mule,LeGarrette Blount,RB,FA
2017,5,6,54,769096,Fuuuuuuuuuuuuck,Emmanuel Sanders,WR,FA
2017,5,7,55,535566,The Night Terrors,C.J. Anderson,RB,FA
2017,5,8,56,1029559,Valley Vikings,Tyreek Hill,WR,FA
2017,5,9,57,1320709,East Mississippi Community College,Bilal Powell,RB,FA
2017,5,10,58,1030247,The Dufflebaggers,Jarvis Landry,WR,FA
2017,5,11,59,1029198,Melvin and the Mango Boys,Eddie Lacy,RB,FA
2017,5,12,60,573189,GERK,Larry Fitzgerald,WR,FA
2017,6,12,72,1173483,Montgomery Biscuits,Paul Perkins,RB,FA
2017,6,11,71,573289,Dobbins,Andrew Luck,QB,FA
2017,6,10,70,1173487,Deez Nuts,Tevin Coleman,RB,FA
2017,6,9,69,689370,Dranky,Jimmy Graham,TE,FA
2017,6,8,68,573215,Burrowing Mule,Golden Tate,WR,FA
2017,6,7,67,769096,Fuuuuuuuuuuuuck,Russell Wilson,QB,FA
2017,6,6,66,535566,The Night Terrors,Julian Edelman,WR,FA
2017,6,5,65,1029559,Valley Vikings,Matt Ryan,QB,FA
2017,6,4,64,1320709,East Mississippi Community College,Martavis Bryant,WR,FA
2017,6,3,63,1030247,The Dufflebaggers,Stefon Diggs,WR,WAS
2017,6,2,62,1029198,Melvin and the Mango Boys,Willie Snead,WR,FA
2017,6,1,61,573189,GERK,Adrian Peterson,RB,FA
2017,7,1,73,1173483,Montgomery Biscuits,Jamison Crowder,WR,FA
2017,7,2,74,573289,Dobbins,Tyler Eifert,TE,FA
2017,7,3,75,1173487,Deez Nuts,Kirk Cousins,QB,LV
2017,7,4,76,689370,Dranky,Kelvin Benjamin,WR,FA
2017,7,5,77,573215,Burrowing Mule,Doug Martin,RB,FA
2017,7,6,78,769096,Fuuuuuuuuuuuuck,Kyle Rudolph,TE,FA
2017,7,7,79,535566,The Night Terrors,Frank Gore,RB,FA
2017,7,8,80,1029559,Valley Vikings,Terrance West,RB,FA
2017,7,9,81,1320709,East Mississippi Community College,Marcus Mariota,QB,WAS
2017,7,10,82,1030247,The Dufflebaggers,Derrick Henry,RB,BAL
2017,7,11,83,1029198,Melvin and the Mango Boys,Jeremy Maclin,WR,FA
2017,7,12,84,573189,GERK,Brandon Marshall,WR,FA
2017,8,12,96,1173483,Montgomery Biscuits,Tyrell Williams,WR,FA
2017,8,11,95,573289,Dobbins,Donte Moncrief,WR,FA
2017,8,10,94,1173487,Deez Nuts,Jonathan Stewart,RB,FA
2017,8,9,93,689370,Dranky,Kareem Hunt,RB,FA
2017,8,8,92,573215,Burrowing Mule,Pierre Garcon,WR,FA
2017,8,7,91,769096,Fuuuuuuuuuuuuck,DeSean Jackson,WR,FA
2017,8,6,90,535566,The Night Terrors,Danny Woodhead,RB,FA
2017,8,5,89,1029559,Valley Vikings,Matt Forte,RB,FA
2017,8,4,88,1320709,East Mississippi Community College,Dak Prescott,QB,DAL
2017,8,3,87,1030247,The Dufflebaggers,Jameis Winston,QB,NYG
2017,8,2,86,1029198,Melvin and the Mango Boys,Derek Carr,QB,FA
2017,8,1,85,573189,GERK,Martellus Bennett,TE,FA
2017,9,1,97,1173483,Montgomery Biscuits,Samaje Perine,RB,CIN
2017,9,2,98,573289,Dobbins,Cam Newton,QB,FA
2017,9,3,99,1173487,Deez Nuts,Eric Decker,WR,FA
2017,9,4,100,689370,Dranky,Cameron Meredith,WR,FA
2017,9,5,101,573215,Burrowing Mule,Delanie Walker,TE,FA
2017,9,6,102,769096,Fuuuuuuuuuuuuck,Robert Kelley,RB,FA
2017,9,7,103,535566,The Night Terrors,Kenny Britt,WR,FA
2017,9,8,104,1029559,Valley Vikings,Jeremy Hill,RB,FA
2017,9,9,105,1320709,East Mississippi Community College,Corey Coleman,WR,FA
2017,9,10,106,1030247,The Dufflebaggers,Zach Ertz,TE,FA
2017,9,11,107,1029198,Melvin and the Mango Boys,Jordan Matthews,WR,FA
2017,9,12,108,573189,GERK,John Brown,WR,FA
2017,10,12,120,1173483,Montgomery Biscuits,Duke Johnson,RB,FA
2017,10,11,119,573289,Dobbins,Ben Roethlisberger,QB,FA
2017,10,10,118,1173487,Deez Nuts,Darren Sproles,RB,FA
2017,10,9,117,689370,Dranky,Thomas Rawls,RB,FA
2017,10,8,116,573215,Burrowing Mule,Quincy Enunwa,WR,FA
2017,10,7,115,769096,Fuuuuuuuuuuuuck,Mike Wallace,WR,FA
2017,10,6,114,535566,The Night Terrors,Hunter Henry,TE,NE
2017,10,5,113,1029559,Valley Vikings,Marvin Jones,WR,FA
2017,10,4,112,1320709,East Mississippi Community College,C.J. Prosise,RB,FA
2017,10,3,111,1030247,The Dufflebaggers,Randall Cobb,WR,FA
2017,10,2,110,1029198,Melvin and the Mango Boys,Seattle Seahawks,D/ST,SEA
2017,10,1,109,573189,GERK,DeVante Parker,WR,FA
2017,11,1,121,1173483,Montgomery Biscuits,Jamaal Williams,RB,FA
2017,11,2,122,573289,Dobbins,Philip Rivers,QB,FA
2017,11,3,123,1173487,Deez Nuts,Arizona Cardinals,D/ST,ARI
2017,11,4,124,689370,Dranky,Andy Dalton,QB,PHI
2017,11,5,125,573215,Burrowing Mule,Jacquizz Rodgers,RB,FA
2017,11,6,126,769096,Fuuuuuuuuuuuuck,Justin Tucker,K,FA
2017,11,7,127,535566,The Night Terrors,Latavius Murray,RB,FA
2017,11,8,128,1029559,Valley Vikings,Jack Doyle,TE,FA
2017,11,9,129,1320709,East Mississippi Community College,Jamaal Charles,RB,FA
2017,11,10,130,1030247,The Dufflebaggers,Matthew Stafford,QB,LAR
2017,11,11,131,1029198,Melvin and the Mango Boys,James White,RB,FA
2017,11,12,132,573189,GERK,Carson Palmer,QB,FA
2017,12,12,144,1173483,Montgomery Biscuits,Corey Davis,WR,FA
2017,12,11,143,573289,Dobbins,Carolina Panthers,D/ST,CAR
2017,12,10,142,1173487,Deez Nuts,Stephen Gostkowski,K,FA
2017,12,9,141,689370,Dranky,Austin Hooper,TE,ATL
2017,12,8,140,573215,Burrowing Mule,Darren McFadden,RB,FA
2017,12,7,139,769096,Fuuuuuuuuuuuuck,New England Patriots,D/ST,NE
2017,12,6,138,535566,The Night Terrors,Houston Texans,D/ST,HOU
2017,12,5,137,1029559,Valley Vikings,Minnesota Vikings,D/ST,MIN
2017,12,4,136,1320709,East Mississippi Community College,Adam Thielen,WR,FA
2017,12,3,135,1030247,The Dufflebaggers,Matt Bryant,K,FA
2017,12,2,134,1029198,Melvin and the Mango Boys,William Fuller,WR,FA
2017,12,1,133,573189,GERK,Kansas City Chiefs,D/ST,KC
2017,13,1,145,1173483,Montgomery Biscuits,Carson Wentz,QB,MIN
2017,13,2,146,573289,Dobbins,Theo Riddick,RB,FA
2017,13,3,147,1173487,Deez Nuts,Josh Doctson,WR,FA
2017,13,4,148,689370,Dranky,Robert Woods,WR,FA
2017,13,5,149,573215,Burrowing Mule,Eric Ebron,TE,FA
2017,13,6,150,769096,Fuuuuuuuuuuuuck,Rishard Matthews,WR,FA
2017,13,7,151,535566,The Night Terrors,Eli Manning,QB,FA
2017,13,8,152,1029559,Valley Vikings,Tyrod Taylor,QB,GB
2017,13,9,153,1320709,East Mississippi Community College,Dallas Cowboys,D/ST,DAL
2017,13,10,154,1030247,The Dufflebaggers,Blake Bortles,QB,FA
2017,13,11,155,1029198,Melvin and the Mango Boys,Cameron Brate,TE,FA
2017,13,12,156,573189,GERK,Sterling Shepard,WR,FA
2017,14,12,168,1173483,Montgomery Biscuits,New York Giants,D/ST,NYG
2017,14,11,167,573289,Dobbins,Mason Crosby,K,FA
2017,14,10,166,1173487,Deez Nuts,Allen Hurns,WR,FA
2017,14,9,165,689370,Dranky,John Ross,WR,FA
2017,14,8,164,573215,Burrowing Mule,Jonathan Williams,RB,FA
2017,14,7,163,769096,Fuuuuuuuuuuuuck,Kenny Stills,WR,FA
2017,14,6,162,535566,The Night Terrors,Giovani Bernard,RB,FA
2017,14,5,161,1029559,Valley Vikings,Joe Williams,RB,FA
2017,14,4,160,1320709,East Mississippi Community College,Dan Bailey,K,FA
2017,14,3,159,1030247,The Dufflebaggers,Coby Fleener,TE,FA
2017,14,2,158,1029198,Melvin and the Mango Boys,Ted Ginn,WR,FA
2017,14,1,157,573189,GERK,Charles Sims,RB,FA
2017,15,1,169,1173483,Montgomery Biscuits,Adam Vinatieri,K,FA
2017,15,2,170,573289,Dobbins,Breshad Perriman,WR,FA
2017,15,3,171,1173487,Deez Nuts,Tyler Lockett,WR,FA
2017,15,4,172,689370,Dranky,Rex Burkhead,RB,FA
2017,15,5,173,573215,Burrowing Mule,Tavon Austin,WR,FA
2017,15,6,174,769096,Fuuuuuuuuuuuuck,Dion Lewis,RB,FA
2017,15,7,175,535566,The Night Terrors,Cairo Santos,K,CHI
2017,15,8,176,1029559,Valley Vikings,Shane Vereen,RB,FA
2017,15,9,177,1320709,East Mississippi Community College,Jason Witten,TE,FA
2017,15,10,178,1030247,The Dufflebaggers,Kevin White,WR,FA
2017,15,11,179,1029198,Melvin and the Mango Boys,Dustin Hopkins,K,FA
2017,15,12,180,573189,GERK,Stephen Hauschka,K,FA
2017,16,12,192,1173483,Montgomery Biscuits,T.J. Yeldon,RB,FA
2017,16,11,191,573289,Dobbins,J.J. Nelson,WR,FA
2017,16,10,190,1173487,Deez Nuts,Zay Jones,WR,FA
2017,16,9,189,689370,Dranky,O.J. Howard,TE,FA
2017,16,8,188,573215,Burrowing Mule,Taylor Gabriel,WR,FA
2017,16,7,187,769096,Fuuuuuuuuuuuuck,D'Onta Foreman,RB,FA
2017,16,6,186,535566,The Night Terrors,Antonio Gates,TE,FA
2017,16,5,185,1029559,Valley Vikings,Mohamed Sanu,WR,FA
2017,16,4,184,1320709,East Mississippi Community College,Julius Thomas,TE,FA
2017,16,3,183,1030247,The Dufflebaggers,C.J. Fiedorowicz,TE,FA
2017,16,2,182,1029198,Melvin and the Mango Boys,Cole Beasley,WR,FA
2017,16,1,181,573189,GERK,Alvin Kamara,RB,NO
2018,1,1,1,1173483,Montgomery Biscuits,Le'Veon Bell,RB,FA
2018,1,2,2,1320709,East Mississippi Community College,David Johnson,RB,FA
2018,1,3,3,573289,Dobbins,Ezekiel Elliott,RB,FA
2018,1,4,4,573189,GERK,Antonio Brown,WR,FA
2018,1,5,5,1029198,Melvin and the Mango Boys,Melvin Gordon,RB,FA
2018,1,6,6,1030247,The Dufflebaggers,Saquon Barkley,RB,PHI
2018,1,7,7,1029559,Valley Vikings,Julio Jones,WR,FA
2018,1,8,8,1173487,Deez Nuts,Leonard Fournette,RB,FA
2018,1,9,9,689370,Dranky,Michael Thomas,WR,FA
2018,1,10,10,573215,Burrowing Mule,Odell Beckham,WR,NYG
2018,1,11,11,535566,The Night Terrors,Dalvin Cook,RB,FA
2018,1,12,12,769096,Decimal scoring sucks.,Jordan Howard,RB,FA
2018,2,12,24,1173483,Montgomery Biscuits,Doug Baldwin,WR,FA
2018,2,11,23,1320709,East Mississippi Community College,LeSean McCoy,RB,FA
2018,2,10,22,573289,Dobbins,Daniel Lasco,RB,FA
2018,2,9,21,573189,GERK,Stefon Diggs,WR,WAS
2018,2,8,20,1029198,Melvin and the Mango Boys,Travis Kelce,TE,KC
2018,2,7,19,1030247,The Dufflebaggers,T.Y. Hilton,WR,FA
2018,2,6,18,1029559,Valley Vikings,Joe Mixon,RB,FA
2018,2,5,17,1173487,Deez Nuts,A.J. Green,WR,FA
2018,2,4,16,689370,Dranky,Rob Gronkowski,TE,FA
2018,2,3,15,573215,Burrowing Mule,Devonta Freeman,RB,FA
2018,2,2,14,535566,The Night Terrors,Davante Adams,WR,LAR
2018,2,1,13,769096,Decimal scoring sucks.,Mike Evans,WR,SF
2018,3,1,25,1173483,Montgomery Biscuits,Tyreek Hill,WR,FA
2018,3,2,26,1320709,East Mississippi Community College,Allen Robinson,WR,FA
2018,3,3,27,573289,Dobbins,Aaron Rodgers,QB,PIT
2018,3,4,28,573189,GERK,Larry Fitzgerald,WR,FA
2018,3,5,29,1029198,Melvin and the Mango Boys,Lamar Miller,RB,FA
2018,3,6,30,1030247,The Dufflebaggers,JuJu Smith-Schuster,WR,NYG
2018,3,7,31,1029559,Valley Vikings,Derrick Henry,RB,BAL
2018,3,8,32,1173487,Deez Nuts,Matt Dayes,RB,FA
2018,3,9,33,689370,Dranky,Amari Cooper,WR,FA
2018,3,10,34,573215,Burrowing Mule,Golden Tate,WR,FA
2018,3,11,35,535566,The Night Terrors,Demaryius Thomas,WR,FA
2018,3,12,36,769096,Decimal scoring sucks.,Kenyan Drake,RB,FA
2018,4,12,48,1173483,Montgomery Biscuits,Derrius Guice,RB,FA
2018,4,11,47,1320709,East Mississippi Community College,Alshon Jeffery,WR,FA
2018,4,10,46,573289,Dobbins,Marvin Jones,WR,FA
2018,4,9,45,573189,GERK,Royce Freeman,RB,FA
2018,4,8,44,1029198,Melvin and the Mango Boys,Brandon LaFell,WR,FA
2018,4,7,43,1030247,The Dufflebaggers,Dion Lewis,RB,FA
2018,4,6,42,1029559,Valley Vikings,Brandin Cooks,WR,FA
2018,4,5,41,1173487,Deez Nuts,Ronald Jones,RB,FA
2018,4,4,40,689370,Dranky,Rashaad Penny,RB,FA
2018,4,3,39,573215,Burrowing Mule,Mark Ingram,RB,FA
2018,4,2,38,535566,The Night Terrors,Jarvis Landry,WR,FA
2018,4,1,37,769096,Decimal scoring sucks.,Matt Kranchick,TE,FA
2018,5,1,49,1173483,Montgomery Biscuits,Russell Wilson,QB,FA
2018,5,2,50,1320709,East Mississippi Community College,Jay Ajayi,RB,FA
2018,5,3,51,573289,Dobbins,Michael Crabtree,WR,FA
2018,5,4,52,573189,GERK,Deshaun Watson,QB,CLE
2018,5,5,53,1029198,Melvin and the Mango Boys,Chris Hogan,WR,FA
2018,5,6,54,1030247,The Dufflebaggers,Tom Brady,QB,FA
2018,5,7,55,1029559,Valley Vikings,Greg Olsen,TE,FA
2018,5,8,56,1173487,Deez Nuts,Cam Newton,QB,FA
2018,5,9,57,689370,Dranky,Marshawn Lynch,RB,FA
2018,5,10,58,573215,Burrowing Mule,Pierre Garcon,WR,FA
2018,5,11,59,535566,The Night Terrors,Rex Burkhead,RB,FA
2018,5,12,60,769096,Decimal scoring sucks.,Evan Engram,TE,DEN
2018,6,12,72,1173483,Montgomery Biscuits,Kyle Rudolph,TE,FA
2018,6,11,71,1320709,East Mississippi Community College,Marquise Goodwin,WR,FA
2018,6,10,70,573289,Dobbins,Delanie Walker,TE,FA
2018,6,9,69,573189,GERK,Randall Cobb,WR,FA
2018,6,8,68,1029198,Melvin and the Mango Boys,Isaiah Crowell,RB,FA
2018,6,7,67,1030247,The Dufflebaggers,Sammy Watkins,WR,FA
2018,6,6,66,1029559,Valley Vikings,Robert Woods,WR,FA
2018,6,5,65,1173487,Deez Nuts,Jimmy Graham,TE,FA
2018,6,4,64,689370,Dranky,Emmanuel Sanders,WR,FA
2018,6,3,63,573215,Burrowing Mule,Tevin Coleman,RB,FA
2018,6,2,62,535566,The Night Terrors,Drew Brees,QB,FA
2018,6,1,61,769096,Decimal scoring sucks.,Devin Funchess,WR,FA
2018,7,1,73,1173483,Montgomery Biscuits,Corey Davis,WR,FA
2018,7,2,74,1320709,East Mississippi Community College,Marlon Mack,RB,FA
2018,7,3,75,573289,Dobbins,Sony Michel,RB,FA
2018,7,4,76,573189,GERK,DeVante Parker,WR,FA
2018,7,5,77,1029198,Melvin and the Mango Boys,Kelvin Benjamin,WR,FA
2018,7,6,78,1030247,The Dufflebaggers,Robbie Chosen,WR,FA
2018,7,7,79,1029559,Valley Vikings,Andrew Luck,QB,FA
2018,7,8,80,1173487,Deez Nuts,Jamaal Williams,RB,FA
2018,7,9,81,689370,Dranky,Chris Thompson,RB,FA
2018,7,10,82,573215,Burrowing Mule,Duke Johnson,RB,FA
2018,7,11,83,535566,The Night Terrors,Kerryon Johnson,RB,FA
2018,7,12,84,769096,Decimal scoring sucks.,Nelson Agholor,WR,FA
2018,8,12,96,1173483,Montgomery Biscuits,Carson Wentz,QB,MIN
2018,8,11,95,1320709,East Mississippi Community College,Kenny Stills,WR,FA
2018,8,10,94,573289,Dobbins,Cooper Kupp,WR,SEA
2018,8,9,93,573189,GERK,Nick Chubb,RB,FA
2018,8,8,92,1029198,Melvin and the Mango Boys,Jacksonville Jaguars,D/ST,JAC
2018,8,7,91,1030247,The Dufflebaggers,Carlos Hyde,RB,FA
2018,8,6,90,1029559,Valley Vikings,Jordy Nelson,WR,FA
2018,8,5,89,1173487,Deez Nuts,Allen Hurns,WR,FA
2018,8,4,88,689370,Dranky,Damiere Byrd,WR,FA
2018,8,3,87,573215,Burrowing Mule,Julian Edelman,WR,FA
2018,8,2,86,535566,The Night Terrors,C.J. Anderson,RB,FA
2018,8,1,85,769096,Decimal scoring sucks.,Matthew Stafford,QB,LAR
2018,9,1,97,1173483,Montgomery Biscuits,Kirk Cousins,QB,LV
2018,9,2,98,1320709,East Mississippi Community College,Jordan Reed,TE,FA
2018,9,3,99,573289,Dobbins,Devontae Booker,RB,FA
2018,9,4,100,573189,GERK,Sterling Shepard,WR,FA
2018,9,5,101,1029198,Melvin and the Mango Boys,Philip Rivers,QB,FA
2018,9,6,102,1030247,The Dufflebaggers,Brandon Miree,RB,FA
2018,9,7,103,1029559,Valley Vikings,Giovani Bernard,RB,FA
2018,9,8,104,1173487,Deez Nuts,Marqise Lee,WR,FA
2018,9,9,105,689370,Dranky,William Fuller,WR,FA
2018,9,10,106,573215,Burrowing Mule,Jamison Crowder,WR,FA
2018,9,11,107,535566,The Night Terrors,Ty Montgomery,RB,FA
2018,9,12,108,769096,Decimal scoring sucks.,Nyheim Miller-Hines,RB,FA
2018,10,12,120,1173483,Montgomery Biscuits,Ben Roethlisberger,QB,FA
2018,10,11,119,1320709,East Mississippi Community College,DJ Moore,WR,BUF
2018,10,10,118,573289,Dobbins,Marcus Mariota,QB,WAS
2018,10,9,117,573189,GERK,Trey Burton,TE,FA
2018,10,8,116,1029198,Melvin and the Mango Boys,LeGarrette Blount,RB,FA
2018,10,7,115,1030247,The Dufflebaggers,Minnesota Vikings,D/ST,MIN
2018,10,6,114,1029559,Valley Vikings,Matt Ryan,QB,FA
2018,10,5,113,1173487,Deez Nuts,Dez Bryant,WR,FA
2018,10,4,112,689370,Dranky,Aaron Jones,RB,MIN
2018,10,3,111,573215,Burrowing Mule,Latavius Murray,RB,FA
2018,10,2,110,535566,The Night Terrors,Jimmy Garoppolo,QB,FA
2018,10,1,109,769096,Decimal scoring sucks.,Mohamed Sanu,WR,FA
2018,11,1,121,1173483,Montgomery Biscuits,Philadelphia Eagles,D/ST,PHI
2018,11,2,122,1320709,East Mississippi Community College,Calvin Ridley,WR,TEN
2018,11,3,123,573289,Dobbins,George Kittle,TE,SF
2018,11,4,124,573189,GERK,Chris Carson,RB,FA
2018,11,5,125,1029198,Melvin and the Mango Boys,Tyler Eifert,TE,FA
2018,11,6,126,1030247,The Dufflebaggers,DeSean Jackson,WR,FA
2018,11,7,127,1029559,Valley Vikings,Los Angeles Rams,D/ST,LAR
2018,11,8,128,1173487,Deez Nuts,Bilal Powell,RB,FA
2018,11,9,129,689370,Dranky,Jared Goff,QB,DET
2018,11,10,130,573215,Burrowing Mule,Tyler Lockett,WR,FA
2018,11,11,131,535566,The Night Terrors,Cameron Meredith,WR,FA
2018,11,12,132,769096,Decimal scoring sucks.,Mike Williams,WR,FA
2018,12,12,144,1173483,Montgomery Biscuits,Kenny Golladay,WR,FA
2018,12,11,143,1320709,East Mississippi Community College,Adimchinobi Echemandu,RB,FA
2018,12,10,142,573289,Dobbins,O.J. Howard,TE,FA
2018,12,9,141,573189,GERK,Doug Martin,RB,FA
2018,12,8,140,1029198,Melvin and the Mango Boys,Rishard Matthews,WR,FA
2018,12,7,139,1030247,The Dufflebaggers,Alex Smith,QB,FA
2018,12,6,138,1029559,Valley Vikings,Cameron Brate,TE,FA
2018,12,5,137,1173487,Deez Nuts,Los Angeles Chargers,D/ST,LAC
2018,12,4,136,689370,Dranky,Josh Doctson,WR,FA
2018,12,3,135,573215,Burrowing Mule,David Njoku,TE,LAC
2018,12,2,134,535566,The Night Terrors,Jack Doyle,TE,FA
2018,12,1,133,769096,Decimal scoring sucks.,Baltimore Ravens,D/ST,BAL
2018,13,1,145,1173483,Montgomery Biscuits,Stephen Gostkowski,K,FA
2018,13,2,146,1320709,East Mississippi Community College,Austin Seferian-Jenkins,TE,FA
2018,13,3,147,573289,Dobbins,Dak Prescott,QB,DAL
2018,13,4,148,573189,GERK,Corey Clement,RB,FA
2018,13,5,149,1029198,Melvin and the Mango Boys,Martavis Bryant,WR,FA
2018,13,6,150,1030247,The Dufflebaggers,Ted Ginn,WR,FA
2018,13,7,151,1029559,Valley Vikings,Paul Richardson,WR,FA
2018,13,8,152,1173487,Deez Nuts,Baker Mayfield,QB,TB
2018,13,9,153,689370,Dranky,Houston Texans,D/ST,HOU
2018,13,10,154,573215,Burrowing Mule,Patrick Mahomes,QB,KC
2018,13,11,155,535566,The Night Terrors,Denver Broncos,D/ST,DEN
2018,13,12,156,769096,Decimal scoring sucks.,Blake Bortles,QB,FA
2018,14,12,168,1173483,Montgomery Biscuits,D'Onta Foreman,RB,FA
2018,14,11,167,1320709,East Mississippi Community College,Derek Carr,QB,FA
2018,14,10,166,573289,Dobbins,Seattle Seahawks,D/ST,SEA
2018,14,9,165,573189,GERK,Arizona Cardinals,D/ST,ARI
2018,14,8,164,1029198,Melvin and the Mango Boys,Matt Bryant,K,FA
2018,14,7,163,1030247,The Dufflebaggers,Matt Prater,K,FA
2018,14,6,162,1029559,Valley Vikings,Greg Zuerlein,K,FA
2018,14,5,161,1173487,Deez Nuts,Justin Tucker,K,FA
2018,14,4,160,689370,Dranky,Austin Ekeler,RB,FA
2018,14,3,159,573215,Burrowing Mule,Peyton Barber,RB,FA
2018,14,2,158,535566,The Night Terrors,Theo Riddick,RB,FA
2018,14,1,157,769096,Decimal scoring sucks.,Jermaine Kearse,WR,FA
2018,15,1,169,1173483,Montgomery Biscuits,Eric Ebron,TE,FA
2018,15,2,170,1320709,East Mississippi Community College,New Orleans Saints,D/ST,NO
2018,15,3,171,573289,Dobbins,Wil Lutz,K,DEN
2018,15,4,172,573189,GERK,Jake Elliott,K,PHI
2018,15,5,173,1029198,Melvin and the Mango Boys,James White,RB,FA
2018,15,6,174,1030247,The Dufflebaggers,Chris Ivory,RB,FA
2018,15,7,175,1029559,Valley Vikings,Spencer Ware,RB,FA
2018,15,8,176,1173487,Deez Nuts,Mitchell Trubisky,QB,TEN
2018,15,9,177,689370,Dranky,Dan Bailey,K,FA
2018,15,10,178,573215,Burrowing Mule,Robbie Gould,K,FA
2018,15,11,179,535566,The Night Terrors,Michael Gallup,WR,FA
2018,15,12,180,769096,Decimal scoring sucks.,Danny Amendola,WR,FA
2019,1,1,1,573189,GERK,Christian McCaffrey,RB,SF
2019,1,2,2,573215,Burrowing Mule,Alvin Kamara,RB,NO
2019,1,3,3,769096,Decimal scoring sucks.,Le'Veon Bell,RB,FA
2019,1,4,4,689370,Cranky,David Johnson,RB,FA
2019,1,5,5,1029198,Melvin and the Mango Boys,Davante Adams,WR,LAR
2019,1,6,6,1519607,My Ball Zach Ertz,DeAndre Hopkins,WR,FA
2019,1,7,7,1173483,The Heynckes,Joe Mixon,RB,FA
2019,1,8,8,1173487,Tha Rapper,Julio Jones,WR,FA
2019,1,9,9,1029559,Gerk off and go to bed,Nick Chubb,RB,FA
2019,1,10,10,535566,The Night Terrors,Michael Thomas,WR,FA
2019,2,12,22,573189,GERK,Antonio Brown,WR,FA
2019,2,11,21,573215,Burrowing Mule,Melvin Gordon,RB,FA
2019,2,10,20,769096,Decimal scoring sucks.,George Kittle,TE,SF
2019,2,9,19,573289,Dobbins,T.Y. Hilton,WR,FA
2019,2,8,18,689370,Cranky,Mike Evans,WR,SF
2019,2,7,17,1029198,Melvin and the Mango Boys,Marlon Mack,RB,FA
2019,2,6,16,1519607,My Ball Zach Ertz,Dalvin Cook,RB,FA
2019,2,5,15,1173483,The Heynckes,Tyreek Hill,WR,FA
2019,2,4,14,1173487,Tha Rapper,Todd Gurley,RB,FA
2019,2,3,13,1029559,Gerk off and go to bed,Travis Kelce,TE,KC
2019,2,2,12,1030247,The Dufflebaggers,Odell Beckham,WR,NYG
2019,2,1,11,535566,The Night Terrors,JuJu Smith-Schuster,WR,NYG
2019,3,1,23,573189,GERK,Leonard Fournette,RB,FA
2019,3,2,24,573215,Burrowing Mule,Kerryon Johnson,RB,FA
2019,3,3,25,769096,Decimal scoring sucks.,Adam Thielen,WR,FA
2019,3,4,26,573289,Dobbins,Stefon Diggs,WR,WAS
2019,3,5,27,689370,Cranky,Amari Cooper,WR,FA
2019,3,6,28,1029198,Melvin and the Mango Boys,Zach Ertz,TE,FA
2019,3,7,29,1519607,My Ball Zach Ertz,Mark Ingram,RB,FA
2019,3,8,30,1173483,The Heynckes,Keenan Allen,WR,FA
2019,3,9,31,1173487,Tha Rapper,Derrick Henry,RB,BAL
2019,3,10,32,1029559,Gerk off and go to bed,Josh Jacobs,RB,GB
2019,3,11,33,1030247,The Dufflebaggers,Sony Michel,RB,FA
2019,3,12,34,535566,The Night Terrors,Brandin Cooks,WR,FA
2019,4,12,46,573189,GERK,Lamar Miller,RB,FA
2019,4,11,45,573215,Burrowing Mule,Cooper Kupp,WR,SEA
2019,4,10,44,769096,Decimal scoring sucks.,Alshon Jeffery,WR,FA
2019,4,9,43,573289,Dobbins,David Montgomery,RB,HOU
2019,4,8,42,689370,Cranky,O.J. Howard,TE,FA
2019,4,7,41,1029198,Melvin and the Mango Boys,Chris Godwin,WR,TB
2019,4,6,40,1519607,My Ball Zach Ertz,Tyler Lockett,WR,FA
2019,4,5,39,1173483,The Heynckes,Aaron Rodgers,QB,PIT
2019,4,4,38,1173487,Tha Rapper,Deshaun Watson,QB,CLE
2019,4,3,37,1029559,Gerk off and go to bed,Kenny Golladay,WR,FA
2019,4,2,36,1030247,The Dufflebaggers,Robert Woods,WR,FA
2019,4,1,35,535566,The Night Terrors,Devonta Freeman,RB,FA
2019,5,1,47,573189,GERK,DJ Moore,WR,BUF
2019,5,2,48,573215,Burrowing Mule,A.J. Green,WR,FA
2019,5,3,49,769096,Decimal scoring sucks.,Tarik Cohen,RB,FA
2019,5,4,50,573289,Dobbins,Matt Ryan,QB,FA
2019,5,5,51,689370,Cranky,Kenyan Drake,RB,FA
2019,5,6,52,1029198,Melvin and the Mango Boys,Latavius Murray,RB,FA
2019,5,7,53,1519607,My Ball Zach Ertz,Tevin Coleman,RB,FA
2019,5,8,54,1173483,The Heynckes,Calvin Ridley,WR,TEN
2019,5,9,55,1173487,Tha Rapper,Derrius Guice,RB,FA
2019,5,10,56,1029559,Gerk off and go to bed,Jarvis Landry,WR,FA
2019,5,11,57,1030247,The Dufflebaggers,Andrew Luck,QB,FA
2019,5,12,58,535566,The Night Terrors,Tyler Boyd,WR,FA
2019,6,12,70,573189,GERK,Christian Kirk,WR,SF
2019,6,11,69,573215,Burrowing Mule,Robbie Chosen,WR,FA
2019,6,10,68,769096,Decimal scoring sucks.,Russell Wilson,QB,FA
2019,6,9,67,573289,Dobbins,Cam Newton,QB,FA
2019,6,8,66,689370,Cranky,Carson Wentz,QB,MIN
2019,6,7,65,1029198,Melvin and the Mango Boys,Rashaad Penny,RB,FA
2019,6,6,64,1519607,My Ball Zach Ertz,Eric Ebron,TE,FA
2019,6,5,63,1173483,The Heynckes,William Fuller,WR,FA
2019,6,4,62,1173487,Tha Rapper,Evan Engram,TE,DEN
2019,6,3,61,1029559,Gerk off and go to bed,Dante Pettis,WR,BUF
2019,6,2,60,1030247,The Dufflebaggers,Hunter Henry,TE,NE
2019,6,1,59,535566,The Night Terrors,Baker Mayfield,QB,TB
2019,7,1,71,573189,GERK,Royce Freeman,RB,FA
2019,7,2,72,573215,Burrowing Mule,Austin Ekeler,RB,FA
2019,7,3,73,769096,Decimal scoring sucks.,Corey Davis,WR,FA
2019,7,4,74,573289,Dobbins,Courtland Sutton,WR,DEN
2019,7,5,75,689370,Cranky,Miles Sanders,RB,FA
2019,7,6,76,1029198,Melvin and the Mango Boys,Matt Breida,RB,FA
2019,7,7,77,1519607,My Ball Zach Ertz,Geronimo Allison,WR,FA
2019,7,8,78,1173483,The Heynckes,Jared Cook,TE,FA
2019,7,9,79,1173487,Tha Rapper,Sammy Watkins,WR,FA
2019,7,10,80,1029559,Gerk off and go to bed,Darrell Henderson,RB,FA
2019,7,11,81,1030247,The Dufflebaggers,Curtis Samuel,WR,FA
2019,7,12,82,535566,The Night Terrors,Allen Robinson,WR,FA
2019,8,11,93,573189,GERK,Marquez Valdes-Scantling,WR,DAL
2019,8,10,92,573215,Burrowing Mule,Larry Fitzgerald,WR,FA
2019,8,9,91,769096,Decimal scoring sucks.,Marvin Jones,WR,FA
2019,8,8,90,573289,Dobbins,Vance McDonald,TE,FA
2019,8,7,89,689370,Cranky,Sterling Shepard,WR,FA
2019,8,6,88,1029198,Melvin and the Mango Boys,Dede Westbrook,WR,FA
2019,8,5,87,1519607,My Ball Zach Ertz,Lamar Jackson,QB,BAL
2019,8,4,86,1173483,The Heynckes,Damien Harris,RB,FA
2019,8,3,85,1029559,Gerk off and go to bed,LeSean McCoy,RB,FA
2019,8,2,84,1030247,The Dufflebaggers,Chicago Bears,D/ST,CHI
2019,8,1,83,535566,The Night Terrors,Jordan Howard,RB,FA
2019,9,1,94,573189,GERK,Kyler Murray,QB,MIN
2019,9,2,95,573215,Burrowing Mule,Austin Hooper,TE,ATL
2019,9,3,96,769096,Decimal scoring sucks.,N'Keal Harry,WR,FA
2019,9,4,97,573289,Dobbins,Anthony Miller,WR,FA
2019,9,5,98,689370,Cranky,Kalen Ballage,RB,FA
2019,9,6,99,1029198,Melvin and the Mango Boys,Kareem Hunt,RB,FA
2019,9,7,100,1519607,My Ball Zach Ertz,Devin Funchess,WR,FA
2019,9,8,101,1173483,The Heynckes,Peyton Barber,RB,FA
2019,9,9,102,1173487,Tha Rapper,DeSean Jackson,WR,FA
2019,9,10,103,1029559,Gerk off and go to bed,Ben Roethlisberger,QB,FA
2019,9,11,104,1030247,The Dufflebaggers,Donte Moncrief,WR,FA
2019,9,12,105,535566,The Night Terrors,Drew Brees,QB,FA
2019,10,11,116,573189,GERK,Keke Coutee,WR,FA
2019,10,10,115,573215,Burrowing Mule,Golden Tate,WR,FA
2019,10,9,114,769096,Decimal scoring sucks.,Dion Lewis,RB,FA
2019,10,8,113,573289,Dobbins,David Njoku,TE,LAC
2019,10,7,112,689370,Cranky,John Brown,WR,FA
2019,10,6,111,1029198,Melvin and the Mango Boys,DK Metcalf,WR,PIT
2019,10,5,110,1519607,My Ball Zach Ertz,Mohamed Sanu,WR,FA
2019,10,4,109,1173487,Tha Rapper,Carlos Hyde,RB,FA
2019,10,3,108,1029559,Gerk off and go to bed,Ito Smith,RB,FA
2019,10,2,107,1030247,The Dufflebaggers,Adrian Peterson,RB,FA
2019,10,1,106,535566,The Night Terrors,Ronald Jones,RB,FA
2019,11,1,117,573215,Burrowing Mule,Jordan Reed,TE,FA
2019,11,2,118,573289,Dobbins,Nyheim Miller-Hines,RB,FA
2019,11,3,119,689370,Cranky,Jerick McKinnon,RB,FA
2019,11,4,120,1029198,Melvin and the Mango Boys,Philip Rivers,QB,FA
2019,11,5,121,1519607,My Ball Zach Ertz,Michael Gallup,WR,FA
2019,11,6,122,1173483,The Heynckes,Jaylen Samuels,RB,FA
2019,11,7,123,1173487,Tha Rapper,Justice Hill,RB,BAL
2019,11,8,124,1029559,Gerk off and go to bed,Jimmy Graham,TE,FA
2019,11,9,125,1030247,The Dufflebaggers,Jared Goff,QB,DET
2019,11,10,126,535566,The Night Terrors,Delanie Walker,TE,FA
2019,12,12,138,573189,GERK,Kyle Rudolph,TE,FA
2019,12,11,137,573215,Burrowing Mule,Dallas Goedert,TE,PHI
2019,12,10,136,769096,Decimal scoring sucks.,Devin Singletary,RB,NYG
2019,12,9,135,573289,Dobbins,Kenny Stills,WR,FA
2019,12,8,134,689370,Cranky,Trey Burton,TE,FA
2019,12,7,133,1029198,Melvin and the Mango Boys,Justin Jackson,RB,FA
2019,12,6,132,1519607,My Ball Zach Ertz,Alexander Mattison,RB,FA
2019,12,5,131,1173483,The Heynckes,Doug Martin,RB,FA
2019,12,4,130,1173487,Tha Rapper,Jamison Crowder,WR,FA
2019,12,3,129,1029559,Gerk off and go to bed,Tyrell Williams,WR,FA
2019,12,2,128,1030247,The Dufflebaggers,Emmanuel Sanders,WR,FA
2019,12,1,127,535566,The Night Terrors,Tom Brady,QB,FA
2019,13,1,139,573189,GERK,Duke Johnson,RB,FA
2019,13,2,140,769096,Decimal scoring sucks.,Los Angeles Rams,D/ST,LAR
2019,13,3,141,573289,Dobbins,Kansas City Chiefs,D/ST,KC
2019,13,4,142,689370,Cranky,Greg Zuerlein,K,FA
2019,13,5,143,1029198,Melvin and the Mango Boys,DeVante Parker,WR,FA
2019,13,6,144,1519607,My Ball Zach Ertz,Gus Edwards,RB,FA
2019,13,7,145,1173483,The Heynckes,Adam Humphries,WR,FA
2019,13,8,146,1173487,Tha Rapper,C.J. Anderson,RB,FA
2019,13,9,147,1029559,Gerk off and go to bed,Mike Davis,RB,FA
2019,13,10,148,1030247,The Dufflebaggers,Justin Tucker,K,FA
2019,13,11,149,535566,The Night Terrors,Tony Pollard,RB,TEN
2019,14,12,161,573189,GERK,Dak Prescott,QB,DAL
2019,14,11,160,573215,Burrowing Mule,Jamaal Williams,RB,FA
2019,14,10,159,769096,Decimal scoring sucks.,Noah Fant,TE,NO
2019,14,9,158,573289,Dobbins,Wil Lutz,K,DEN
2019,14,8,157,689370,Cranky,Josh Allen,QB,BUF
2019,14,7,156,1029198,Melvin and the Mango Boys,T.J. Hockenson,TE,MIN
2019,14,6,155,1519607,My Ball Zach Ertz,Harrison Butker,K,KC
2019,14,5,154,1173483,The Heynckes,Jacksonville Jaguars,D/ST,JAC
2019,14,4,153,1173487,Tha Rapper,DaeSean Hamilton,WR,FA
2019,14,3,152,1029559,Gerk off and go to bed,Jameis Winston,QB,NYG
2019,14,2,151,1030247,The Dufflebaggers,Mark Andrews,TE,BAL
2019,14,1,150,535566,The Night Terrors,James Washington,WR,FA
2019,15,1,162,573189,GERK,Mason Crosby,K,FA
2019,15,2,163,573215,Burrowing Mule,Giovani Bernard,RB,FA
2019,15,3,164,769096,Decimal scoring sucks.,Mitchell Trubisky,QB,TEN
2019,15,4,165,573289,Dobbins,Jack Doyle,TE,FA
2019,15,5,166,689370,Cranky,Baltimore Ravens,D/ST,BAL
2019,15,6,167,1519607,My Ball Zach Ertz,Malcolm Brown,RB,FA
2019,15,7,168,1173483,The Heynckes,Ka'imi Fairbairn,K,HOU
2019,15,8,169,1173487,Tha Rapper,Greg Olsen,TE,FA
2019,15,9,170,1029559,Gerk off and go to bed,Albert Wilson,WR,FA
2019,15,10,171,1030247,The Dufflebaggers,Marquise Goodwin,WR,FA
2019,15,11,172,535566,The Night Terrors,Taylor Gabriel,WR,FA
2019,16,9,181,573189,GERK,Josh Gordon,WR,FA
2019,16,8,180,573215,Burrowing Mule,Kirk Cousins,QB,LV
2019,16,7,179,769096,Decimal scoring sucks.,Darwin Thompson,RB,FA
2019,16,6,178,573289,Dobbins,Parris Campbell,WR,FA
2019,16,5,177,1029198,Melvin and the Mango Boys,Los Angeles Chargers,D/ST,LAC
2019,16,4,176,1519607,My Ball Zach Ertz,Hayden Hurst,TE,FA
2019,16,3,175,1173483,The Heynckes,Randall Cobb,WR,FA
2019,16,2,174,1173487,Tha Rapper,Stephen Gostkowski,K,FA
2019,16,1,173,1030247,The Dufflebaggers,Tre'Quan Smith,WR,FA
2020,1,1,1,1029198,Melvin and the Mango Boys,Saquon Barkley,RB,PHI
2020,1,2,2,1173483,Montgomery Biscuits,Alvin Kamara,RB,NO
2020,1,3,3,573215,Burrowing Mule,Dalvin Cook,RB,FA
2020,1,4,4,1030247,The Dufflebaggers,Ezekiel Elliott,RB,FA
2020,1,5,5,689370,Thanky,Clyde Edwards-Helaire,RB,FA
2020,1,6,6,1173487,Tha Rapper,Joe Mixon,RB,FA
2020,1,7,7,769096,Mr. Kim's Kans,Nick Chubb,RB,FA
2020,1,8,8,1519607,My Ball Zach Ertz,Josh Jacobs,RB,GB
2020,1,9,9,535566,The Oopsy Poopsies,Michael Thomas,WR,FA
2020,1,10,10,573289,Dobbins,Aaron Jones,RB,MIN
2020,1,11,11,1029559,Mattress Firm,Davante Adams,WR,LAR
2020,2,12,23,1029198,Melvin and the Mango Boys,James Conner,RB,ARI
2020,2,11,22,1173483,Montgomery Biscuits,Chris Godwin,WR,TB
2020,2,10,21,573215,Burrowing Mule,David Johnson,RB,FA
2020,2,9,20,1030247,The Dufflebaggers,Patrick Mahomes,QB,KC
2020,2,8,19,689370,Thanky,George Kittle,TE,SF
2020,2,7,18,1173487,Tha Rapper,Travis Kelce,TE,KC
2020,2,6,17,769096,Mr. Kim's Kans,Chris Carson,RB,FA
2020,2,5,16,1519607,My Ball Zach Ertz,Adam Thielen,WR,FA
2020,2,4,15,573189,GERK,Kenyan Drake,RB,FA
2020,2,3,14,535566,The Oopsy Poopsies,Tyreek Hill,WR,FA
2020,2,2,13,573289,Dobbins,DeAndre Hopkins,WR,FA
2020,2,1,12,1029559,Mattress Firm,Julio Jones,WR,FA
2020,3,1,24,1029559,Mattress Firm,Todd Gurley,RB,FA
2020,3,2,25,1173483,Montgomery Biscuits,JuJu Smith-Schuster,WR,NYG
2020,3,3,26,573215,Burrowing Mule,Robert Woods,WR,FA
2020,3,4,27,1030247,The Dufflebaggers,Mike Evans,WR,SF
2020,3,5,28,689370,Thanky,Le'Veon Bell,RB,FA
2020,3,6,29,769096,Mr. Kim's Kans,Odell Beckham,WR,NYG
2020,3,7,30,1519607,My Ball Zach Ertz,Mark Ingram,RB,FA
2020,3,8,31,573189,GERK,DJ Moore,WR,BUF
2020,3,9,32,535566,The Oopsy Poopsies,Melvin Gordon,RB,FA
2020,3,10,33,573289,Dobbins,Calvin Ridley,WR,TEN
2020,3,11,34,1029559,Mattress Firm,Jonathan Taylor,RB,IND
2020,4,11,45,1029198,Melvin and the Mango Boys,Hollywood Brown,WR,PHI
2020,4,10,44,1173483,Montgomery Biscuits,Zach Ertz,TE,FA
2020,4,9,43,573215,Burrowing Mule,Keenan Allen,WR,FA
2020,4,8,42,1030247,The Dufflebaggers,Cam Akers,RB,FA
2020,4,7,41,689370,Thanky,Dak Prescott,QB,DAL
2020,4,6,40,1173487,Tha Rapper,Amari Cooper,WR,FA
2020,4,5,39,769096,Mr. Kim's Kans,Raheem Mostert,RB,FA
2020,4,4,38,1519607,My Ball Zach Ertz,A.J. Brown,WR,NE
2020,4,3,37,573189,GERK,Kyler Murray,QB,MIN
2020,4,2,36,535566,The Oopsy Poopsies,DK Metcalf,WR,PIT
2020,4,1,35,573289,Dobbins,Russell Wilson,QB,FA
2020,5,1,46,1029198,Melvin and the Mango Boys,Cooper Kupp,WR,SEA
2020,5,2,47,1173483,Montgomery Biscuits,Tyler Lockett,WR,FA
2020,5,3,48,573215,Burrowing Mule,T.Y. Hilton,WR,FA
2020,5,4,49,1030247,The Dufflebaggers,Leonard Fournette,RB,FA
2020,5,5,50,689370,Thanky,Michael Gallup,WR,FA
2020,5,6,51,1173487,Tha Rapper,William Fuller,WR,FA
2020,5,7,52,769096,Mr. Kim's Kans,Jarvis Landry,WR,FA
2020,5,8,53,1519607,My Ball Zach Ertz,Devin Singletary,RB,NYG
2020,5,9,54,573189,GERK,A.J. Green,WR,FA
2020,5,10,55,535566,The Oopsy Poopsies,Kareem Hunt,RB,FA
2020,5,11,56,573289,Dobbins,J.K. Dobbins,RB,DEN
2020,5,12,57,1029559,Mattress Firm,Evan Engram,TE,DEN
2020,6,12,69,1029198,Melvin and the Mango Boys,Hunter Henry,TE,NE
2020,6,11,68,1173483,Montgomery Biscuits,Matt Ryan,QB,FA
2020,6,10,67,573215,Burrowing Mule,Deshaun Watson,QB,CLE
2020,6,9,66,1030247,The Dufflebaggers,Stefon Diggs,WR,WAS
2020,6,8,65,689370,Thanky,Jordan Howard,RB,FA
2020,6,7,64,1173487,Tha Rapper,Marvin Jones,WR,FA
2020,6,6,63,769096,Mr. Kim's Kans,Tyler Boyd,WR,FA
2020,6,5,62,1519607,My Ball Zach Ertz,Jared Cook,TE,FA
2020,6,4,61,573189,GERK,David Montgomery,RB,HOU
2020,6,3,60,535566,The Oopsy Poopsies,D'Andre Swift,RB,CHI
2020,6,2,59,573289,Dobbins,Hayden Hurst,TE,FA
2020,6,1,58,1029559,Mattress Firm,Antonio Gibson,RB,FA
2020,7,1,70,1029198,Melvin and the Mango Boys,Drew Brees,QB,FA
2020,7,2,71,1030247,The Dufflebaggers,Christian Kirk,WR,SF
2020,7,3,72,573215,Burrowing Mule,Deebo Samuel,WR,SF
2020,7,4,73,1173487,Tha Rapper,Julian Edelman,WR,FA
2020,7,5,74,769096,Mr. Kim's Kans,Brandin Cooks,WR,FA
2020,7,6,75,1519607,My Ball Zach Ertz,DeVante Parker,WR,FA
2020,7,7,76,573189,GERK,Tyler Higbee,TE,LAR
2020,7,8,77,1029559,Mattress Firm,Marlon Mack,RB,FA
2020,8,11,88,1029198,Melvin and the Mango Boys,Rob Gronkowski,TE,FA
2020,8,10,87,1173483,Montgomery Biscuits,James White,RB,FA
2020,8,9,86,573215,Burrowing Mule,Alexander Mattison,RB,FA
2020,8,8,85,1030247,The Dufflebaggers,Darius Slayton,WR,NYG
2020,8,7,84,689370,Thanky,Diontae Johnson,WR,FA
2020,8,6,83,1173487,Tha Rapper,Tevin Coleman,RB,FA
2020,8,5,82,769096,Mr. Kim's Kans,Ronald Jones,RB,FA
2020,8,4,81,573189,GERK,Sterling Shepard,WR,FA
2020,8,3,80,535566,The Oopsy Poopsies,Kerryon Johnson,RB,FA
2020,8,2,79,573289,Dobbins,Phillip Lindsay,RB,FA
2020,8,1,78,1029559,Mattress Firm,Zack Moss,RB,FA
2020,9,1,89,1029198,Melvin and the Mango Boys,John Brown,WR,FA
2020,9,2,90,1173483,Montgomery Biscuits,Tarik Cohen,RB,FA
2020,9,3,91,573215,Burrowing Mule,Duke Johnson,RB,FA
2020,9,4,92,1030247,The Dufflebaggers,San Francisco 49ers,D/ST,SF
2020,9,5,93,689370,Thanky,CeeDee Lamb,WR,DAL
2020,9,6,94,1173487,Tha Rapper,Jamison Crowder,WR,FA
2020,9,7,95,769096,Mr. Kim's Kans,Daniel Jones,QB,IND
2020,9,8,96,1519607,My Ball Zach Ertz,Latavius Murray,RB,FA
2020,9,9,97,573189,GERK,Chase Edmonds,RB,FA
2020,9,10,98,535566,The Oopsy Poopsies,Matt Breida,RB,FA
2020,9,11,99,573289,Dobbins,Tom Brady,QB,FA
2020,9,12,100,1029559,Mattress Firm,Josh Allen,QB,BUF
2020,10,12,112,1029198,Melvin and the Mango Boys,Boston Scott,RB,FA
2020,10,11,111,1173483,Montgomery Biscuits,Tony Pollard,RB,TEN
2020,10,10,110,573215,Burrowing Mule,Preston Williams,WR,FA
2020,10,9,109,1030247,The Dufflebaggers,Henry Ruggs,WR,FA
2020,10,8,108,689370,Thanky,Sony Michel,RB,FA
2020,10,7,107,1173487,Tha Rapper,Cam Newton,QB,FA
2020,10,6,106,769096,Mr. Kim's Kans,Emmanuel Sanders,WR,FA
2020,10,5,105,1519607,My Ball Zach Ertz,Justin Tucker,K,FA
2020,10,4,104,573189,GERK,Aaron Rodgers,QB,PIT
2020,10,3,103,535566,The Oopsy Poopsies,Mike Williams,WR,FA
2020,10,2,102,573289,Dobbins,Harrison Butker,K,KC
2020,10,1,101,1029559,Mattress Firm,T.J. Hockenson,TE,MIN
2020,11,1,113,1029198,Melvin and the Mango Boys,DeSean Jackson,WR,FA
2020,11,2,114,1173483,Montgomery Biscuits,Austin Hooper,TE,ATL
2020,11,3,115,573215,Burrowing Mule,Mike Gesicki,TE,CIN
2020,11,4,116,1030247,The Dufflebaggers,Matthew Stafford,QB,LAR
2020,11,5,117,689370,Thanky,Mecole Hardman,WR,BUF
2020,11,6,118,1173487,Tha Rapper,Jerry Jeudy,WR,CLE
2020,11,7,119,769096,Mr. Kim's Kans,Chris Thompson,RB,FA
2020,11,8,120,1519607,My Ball Zach Ertz,Anthony Miller,WR,FA
2020,11,9,121,573189,GERK,N'Keal Harry,WR,FA
2020,11,10,122,535566,The Oopsy Poopsies,Carson Wentz,QB,MIN
2020,11,11,123,573289,Dobbins,Cole Beasley,WR,FA
2020,11,12,124,1029559,Mattress Firm,Damien Harris,RB,FA
2020,12,12,136,1029198,Melvin and the Mango Boys,Justin Jefferson,WR,MIN
2020,12,11,135,1173483,Montgomery Biscuits,Robbie Chosen,WR,FA
2020,12,10,134,573215,Burrowing Mule,Jack Doyle,TE,FA
2020,12,9,133,1030247,The Dufflebaggers,Irv Smith,TE,FA
2020,12,8,132,689370,Thanky,Darrell Henderson,RB,FA
2020,12,7,131,1173487,Tha Rapper,Ryquell Armstead,RB,FA
2020,12,6,130,769096,Mr. Kim's Kans,Drew Lock,QB,SEA
2020,12,5,129,1519607,My Ball Zach Ertz,Noah Fant,TE,NO
2020,12,4,128,573189,GERK,AJ Dillon,RB,CAR
2020,12,3,127,535566,The Oopsy Poopsies,Joe Burrow,QB,CIN
2020,12,2,126,573289,Dobbins,Dallas Goedert,TE,PHI
2020,12,1,125,1029559,Mattress Firm,Allen Lazard,WR,FA
2020,13,1,137,1029198,Melvin and the Mango Boys,Justin Jackson,RB,FA
2020,13,2,138,1173483,Montgomery Biscuits,Ben Roethlisberger,QB,FA
2020,13,3,139,573215,Burrowing Mule,Alshon Jeffery,WR,FA
2020,13,4,140,1030247,The Dufflebaggers,Wil Lutz,K,DEN
2020,13,5,141,689370,Thanky,Golden Tate,WR,FA
2020,13,6,142,1173487,Tha Rapper,Larry Fitzgerald,WR,FA
2020,13,7,143,769096,Mr. Kim's Kans,Kansas City Chiefs,D/ST,KC
2020,13,8,144,1519607,My Ball Zach Ertz,Minnesota Vikings,D/ST,MIN
2020,13,9,145,573189,GERK,Carlos Hyde,RB,FA
2020,13,10,146,535566,The Oopsy Poopsies,Blake Jarwin,TE,FA
2020,13,11,147,573289,Dobbins,New Orleans Saints,D/ST,NO
2020,13,12,148,1029559,Mattress Firm,Sammy Watkins,WR,FA
2020,14,11,159,1029198,Melvin and the Mango Boys,Pittsburgh Steelers,D/ST,PIT
2020,14,10,158,1173483,Montgomery Biscuits,Jamaal Williams,RB,FA
2020,14,9,157,573215,Burrowing Mule,Darrel Williams,RB,FA
2020,14,8,156,689370,Thanky,Chris Herndon,TE,FA
2020,14,7,155,1173487,Tha Rapper,Benny Snell,RB,FA
2020,14,6,154,769096,Mr. Kim's Kans,Greg Olsen,TE,FA
2020,14,5,153,1519607,My Ball Zach Ertz,Jonnu Smith,TE,FA
2020,14,4,152,573189,GERK,Hunter Renfrow,WR,FA
2020,14,3,151,535566,The Oopsy Poopsies,Joshua Kelley,RB,FA
2020,14,2,150,573289,Dobbins,Nyheim Miller-Hines,RB,FA
2020,14,1,149,1029559,Mattress Firm,Jared Goff,QB,DET
2020,15,1,160,1029198,Melvin and the Mango Boys,Baker Mayfield,QB,TB
2020,15,2,161,1173483,Montgomery Biscuits,New England Patriots,D/ST,NE
2020,15,3,162,573215,Burrowing Mule,Baltimore Ravens,D/ST,BAL
2020,15,4,163,1030247,The Dufflebaggers,Curtis Samuel,WR,FA
2020,15,5,164,689370,Thanky,Buffalo Bills,D/ST,BUF
2020,15,6,165,1173487,Tha Rapper,Jimmy Garoppolo,QB,FA
2020,15,7,166,769096,Mr. Kim's Kans,Greg Zuerlein,K,FA
2020,15,8,167,1519607,My Ball Zach Ertz,Jalen Reagor,WR,MIA
2020,15,9,168,573189,GERK,Chicago Bears,D/ST,CHI
2020,15,10,169,535566,The Oopsy Poopsies,Tampa Bay Buccaneers,D/ST,TB
2020,15,11,170,573289,Dobbins,Breshad Perriman,WR,FA
2020,15,12,171,1029559,Mattress Firm,Los Angeles Rams,D/ST,LAR
2020,16,7,178,1173483,Montgomery Biscuits,Malcolm Brown,RB,FA
2020,16,6,177,1030247,The Dufflebaggers,Parris Campbell,WR,FA
2020,16,5,176,1173487,Tha Rapper,Robbie Gould,K,FA
2020,16,4,175,1519607,My Ball Zach Ertz,Michael Pittman,WR,PIT
2020,16,3,174,573189,GERK,Matt Prater,K,FA
2020,16,2,173,535566,The Oopsy Poopsies,Matt Gay,K,LV
2020,16,1,172,573289,Dobbins,Eric Ebron,TE,FA
2020,17,1,179,1029198,Melvin and the Mango Boys,Jake Elliott,K,PHI
2020,17,2,180,689370,Thanky,Zane Gonzalez,K,MIA
2021,1,1,1,573215,Team Mud Butt,Christian McCaffrey,RB,SF
2021,1,2,2,535566,The Oopsy Poopsies,Ezekiel Elliott,RB,FA
2021,1,3,3,1519607,Slop Bucket,Aaron Jones,RB,MIN
2021,1,4,4,1029198,Gesicki Gnar Gnar. AMARIte??,Nick Chubb,RB,FA
2021,1,5,5,1173487,The Poopsy Oopsies,Najee Harris,RB,FA
2021,1,6,6,573189,GERK,Davante Adams,WR,LAR
2021,1,7,7,1173483,Binghampton Rumble Ponies,Joe Mixon,RB,FA
2021,1,8,8,769096,Mr. Kim's Kans,Saquon Barkley,RB,PHI
2021,1,9,9,1029559,cRiTiCaL tHiNkErS,Travis Kelce,TE,KC
2021,1,10,10,1030247,Bosque Bruisers,Clyde Edwards-Helaire,RB,FA
2021,2,11,21,573289,Dobbins,DJ Moore,WR,BUF
2021,2,10,20,1519607,Slop Bucket,Chris Godwin,WR,TB
2021,2,9,19,1029198,Gesicki Gnar Gnar. AMARIte??,Amari Cooper,WR,FA
2021,2,8,18,1173487,The Poopsy Oopsies,Cooper Kupp,WR,SEA
2021,2,7,17,573189,GERK,Terry McLaurin,WR,WAS
2021,2,6,16,1173483,Binghampton Rumble Ponies,Robert Woods,WR,FA
2021,2,5,15,573215,Team Mud Butt,Allen Robinson,WR,FA
2021,2,4,14,769096,Mr. Kim's Kans,Patrick Mahomes,QB,KC
2021,2,3,13,689370,CRANKY,George Kittle,TE,SF
2021,2,2,12,1029559,cRiTiCaL tHiNkErS,DeAndre Hopkins,WR,FA
2021,2,1,11,1030247,Bosque Bruisers,Chris Carson,RB,FA
2021,3,1,22,573215,Team Mud Butt,Tyler Lockett,WR,FA
2021,3,2,23,535566,The Oopsy Poopsies,D'Andre Swift,RB,CHI
2021,3,3,24,1029198,Gesicki Gnar Gnar. AMARIte??,Gus Edwards,RB,FA
2021,3,4,25,573189,GERK,Kyler Murray,QB,MIN
2021,3,5,26,1173483,Binghampton Rumble Ponies,Darrell Henderson,RB,FA
2021,3,6,27,689370,CRANKY,Miles Sanders,RB,FA
2021,3,7,28,769096,Mr. Kim's Kans,Mike Evans,WR,SF
2021,3,8,29,573289,Dobbins,Josh Jacobs,RB,GB
2021,3,9,30,1030247,Bosque Bruisers,T.J. Hockenson,TE,MIN
2021,4,9,39,573215,Team Mud Butt,Russell Wilson,QB,FA
2021,4,8,38,689370,CRANKY,Dak Prescott,QB,DAL
2021,4,7,37,1029198,Gesicki Gnar Gnar. AMARIte??,Brandon Aiyuk,WR,SF
2021,4,6,36,1173487,The Poopsy Oopsies,Kyle Pitts,TE,ATL
2021,4,5,35,573189,GERK,Mark Andrews,TE,BAL
2021,4,4,34,1173483,Binghampton Rumble Ponies,Tee Higgins,WR,CIN
2021,4,3,33,689370,CRANKY,Diontae Johnson,WR,FA
2021,4,2,32,769096,Mr. Kim's Kans,Julio Jones,WR,FA
2021,4,1,31,1029559,cRiTiCaL tHiNkErS,Lamar Jackson,QB,BAL
2021,5,1,40,573215,Team Mud Butt,Javonte Williams,RB,DAL
2021,5,2,41,535566,The Oopsy Poopsies,Adam Thielen,WR,FA
2021,5,3,42,1029559,cRiTiCaL tHiNkErS,Damien Harris,RB,FA
2021,5,4,43,1029559,cRiTiCaL tHiNkErS,Kareem Hunt,RB,FA
2021,5,5,44,1173487,The Poopsy Oopsies,Justin Herbert,QB,LAC
2021,5,6,45,573189,GERK,Chase Edmonds,RB,FA
2021,5,7,46,1173483,Binghampton Rumble Ponies,Jerry Jeudy,WR,CLE
2021,5,8,47,689370,CRANKY,Raheem Mostert,RB,FA
2021,5,9,48,769096,Mr. Kim's Kans,Odell Beckham,WR,NYG
2021,5,10,49,1029198,Gesicki Gnar Gnar. AMARIte??,Robbie Chosen,WR,FA
2021,5,11,50,573289,Dobbins,Aaron Rodgers,QB,PIT
2021,5,12,51,1030247,Bosque Bruisers,Matthew Stafford,QB,LAR
2021,6,9,60,573215,Team Mud Butt,Michael Thomas,WR,FA
2021,6,8,59,535566,The Oopsy Poopsies,Corey Davis,WR,FA
2021,6,7,58,1519607,Slop Bucket,Tom Brady,QB,FA
2021,6,6,57,1029198,Gesicki Gnar Gnar. AMARIte??,Brandin Cooks,WR,FA
2021,6,5,56,1173487,The Poopsy Oopsies,Tyler Boyd,WR,FA
2021,6,4,55,1173483,Binghampton Rumble Ponies,Trey Sermon,RB,FA
2021,6,3,54,689370,CRANKY,Ja'Marr Chase,WR,CIN
2021,6,2,53,769096,Mr. Kim's Kans,Ronald Jones,RB,FA
2021,6,1,52,573289,Dobbins,Courtland Sutton,WR,DEN
2021,7,1,61,535566,The Oopsy Poopsies,Antonio Brown,WR,FA
2021,7,2,62,1519607,Slop Bucket,Logan Thomas,TE,FA
2021,7,3,63,1029198,Gesicki Gnar Gnar. AMARIte??,Laviska Shenault,WR,FA
2021,7,4,64,1173487,The Poopsy Oopsies,Kenny Golladay,WR,FA
2021,7,5,65,573189,GERK,Melvin Gordon,RB,FA
2021,7,6,66,1173483,Binghampton Rumble Ponies,Ryan Tannehill,QB,FA
2021,7,7,67,689370,CRANKY,JuJu Smith-Schuster,WR,NYG
2021,7,8,68,769096,Mr. Kim's Kans,Deebo Samuel,WR,SF
2021,7,9,69,1519607,Slop Bucket,DeVonta Smith,WR,PHI
2021,7,10,70,573289,Dobbins,Mike Williams,WR,FA
2021,7,11,71,1030247,Bosque Bruisers,Hollywood Brown,WR,PHI
2021,8,12,83,1030247,Bosque Bruisers,DJ Chark,WR,FA
2021,8,11,82,535566,The Oopsy Poopsies,Jalen Hurts,QB,PHI
2021,8,10,81,1519607,Slop Bucket,Leonard Fournette,RB,FA
2021,8,9,80,1029198,Gesicki Gnar Gnar. AMARIte??,Mike Gesicki,TE,CIN
2021,8,8,79,1173487,The Poopsy Oopsies,AJ Dillon,RB,CAR
2021,8,7,78,573189,GERK,James Conner,RB,ARI
2021,8,6,77,1173483,Binghampton Rumble Ponies,Jaylen Waddle,WR,DEN
2021,8,5,76,1029559,cRiTiCaL tHiNkErS,Jamaal Williams,RB,FA
2021,8,4,75,769096,Mr. Kim's Kans,Noah Fant,TE,NO
2021,8,3,74,689370,CRANKY,Zack Moss,RB,FA
2021,8,2,73,573289,Dobbins,Robert Tonyan,TE,PIT
2021,8,1,72,573215,Team Mud Butt,Tyler Higbee,TE,LAR
2021,9,1,84,573215,Team Mud Butt,Dallas Goedert,TE,PHI
2021,9,2,85,535566,The Oopsy Poopsies,Marquez Callaway,WR,FA
2021,9,3,86,1519607,Slop Bucket,Michael Gallup,WR,FA
2021,9,4,87,1173487,The Poopsy Oopsies,Marvin Jones,WR,FA
2021,9,5,88,573189,GERK,William Fuller,WR,FA
2021,9,6,89,1173483,Binghampton Rumble Ponies,Jonnu Smith,TE,FA
2021,9,7,90,769096,Mr. Kim's Kans,Jarvis Landry,WR,FA
2021,9,8,91,1029559,cRiTiCaL tHiNkErS,Tony Pollard,RB,TEN
2021,9,9,92,573289,Dobbins,Devin Singletary,RB,NYG
2021,9,10,93,1030247,Bosque Bruisers,David Johnson,RB,FA
2021,10,12,105,573215,Team Mud Butt,Mecole Hardman,WR,BUF
2021,10,11,104,535566,The Oopsy Poopsies,Joe Burrow,QB,CIN
2021,10,10,103,1519607,Slop Bucket,Sony Michel,RB,FA
2021,10,9,102,1029198,Gesicki Gnar Gnar. AMARIte??,Russell Gage,WR,FA
2021,10,8,101,1173487,The Poopsy Oopsies,Nyheim Miller-Hines,RB,FA
2021,10,7,100,573189,GERK,Darnell Mooney,WR,NYG
2021,10,6,99,1173483,Binghampton Rumble Ponies,Rob Gronkowski,TE,FA
2021,10,5,98,1029559,cRiTiCaL tHiNkErS,Alexander Mattison,RB,FA
2021,10,4,97,769096,Mr. Kim's Kans,Curtis Samuel,WR,FA
2021,10,3,96,689370,CRANKY,Michael Carter,RB,TEN
2021,10,2,95,573289,Dobbins,Michael Pittman,WR,PIT
2021,10,1,94,1030247,Bosque Bruisers,Kenyan Drake,RB,FA
2021,11,1,106,573215,Team Mud Butt,Gerald Everett,TE,FA
2021,11,2,107,535566,The Oopsy Poopsies,Hunter Henry,TE,NE
2021,11,3,108,1519607,Slop Bucket,Henry Ruggs,WR,FA
2021,11,4,109,1029198,Gesicki Gnar Gnar. AMARIte??,Rashaad Penny,RB,FA
2021,11,5,110,1173487,The Poopsy Oopsies,Gabe Davis,WR,FA
2021,11,6,111,573189,GERK,Phillip Lindsay,RB,FA
2021,11,7,112,1173483,Binghampton Rumble Ponies,Tua Tagovailoa,QB,ATL
2021,11,8,113,689370,CRANKY,Nelson Agholor,WR,FA
2021,11,9,114,769096,Mr. Kim's Kans,DeVante Parker,WR,FA
2021,11,10,115,1029559,cRiTiCaL tHiNkErS,Jakobi Meyers,WR,JAC
2021,11,11,116,573289,Dobbins,Trevor Lawrence,QB,JAC
2021,11,12,117,1030247,Bosque Bruisers,Cole Beasley,WR,FA
2021,12,11,128,573215,Team Mud Butt,Darrel Williams,RB,FA
2021,12,10,127,535566,The Oopsy Poopsies,Evan Engram,TE,DEN
2021,12,9,126,1519607,Slop Bucket,Elijah Moore,WR,PHI
2021,12,8,125,1029198,Gesicki Gnar Gnar. AMARIte??,Tevin Coleman,RB,FA
2021,12,7,124,1173487,The Poopsy Oopsies,J.D. McKissic,RB,FA
2021,12,6,123,1173483,Binghampton Rumble Ponies,Emmanuel Sanders,WR,FA
2021,12,5,122,1029559,cRiTiCaL tHiNkErS,Trey Lance,QB,LAC
2021,12,4,121,769096,Mr. Kim's Kans,Matt Ryan,QB,FA
2021,12,3,120,689370,CRANKY,Latavius Murray,RB,FA
2021,12,2,119,573289,Dobbins,Jared Cook,TE,FA
2021,12,1,118,1030247,Bosque Bruisers,Los Angeles Rams,D/ST,LAR
2021,13,1,129,573215,Team Mud Butt,Parris Campbell,WR,FA
2021,13,2,130,535566,The Oopsy Poopsies,Justin Fields,QB,KC
2021,13,3,131,1519607,Slop Bucket,Cole Kmet,TE,CHI
2021,13,4,132,1029198,Gesicki Gnar Gnar. AMARIte??,Austin Hooper,TE,ATL
2021,13,5,133,1173487,The Poopsy Oopsies,Jalen Reagor,WR,MIA
2021,13,6,134,573189,GERK,Damien Williams,RB,FA
2021,13,7,135,1173483,Binghampton Rumble Ponies,Rashod Bateman,WR,BAL
2021,13,8,136,689370,CRANKY,Chuba Hubbard,RB,CAR
2021,13,9,137,769096,Mr. Kim's Kans,Pittsburgh Steelers,D/ST,PIT
2021,13,10,138,1029559,cRiTiCaL tHiNkErS,Cam Akers,RB,FA
2021,13,11,139,573289,Dobbins,Younghoe Koo,K,FA
2021,13,12,140,1030247,Bosque Bruisers,Kirk Cousins,QB,LV
2021,14,12,152,573215,Team Mud Butt,Justin Jackson,RB,FA
2021,14,11,151,535566,The Oopsy Poopsies,Rhamondre Stevenson,RB,NE
2021,14,10,150,1519607,Slop Bucket,Devontae Booker,RB,FA
2021,14,9,149,1029198,Gesicki Gnar Gnar. AMARIte??,Travis Etienne,RB,NO
2021,14,8,148,1173487,The Poopsy Oopsies,Marquez Valdes-Scantling,WR,DAL
2021,14,7,147,573189,GERK,A.J. Green,WR,FA
2021,14,6,146,1173483,Binghampton Rumble Ponies,Giovani Bernard,RB,FA
2021,14,5,145,689370,CRANKY,Amon-Ra St. Brown,WR,DET
2021,14,4,144,769096,Mr. Kim's Kans,James White,RB,FA
2021,14,3,143,1029559,cRiTiCaL tHiNkErS,Bryan Edwards,WR,FA
2021,14,2,142,573289,Dobbins,Baltimore Ravens,D/ST,BAL
2021,14,1,141,1030247,Bosque Bruisers,Cordarrelle Patterson,RB,FA
2021,15,1,153,573215,Team Mud Butt,Sterling Shepard,WR,FA
2021,15,2,154,535566,The Oopsy Poopsies,Blake Jarwin,TE,FA
2021,15,3,155,1519607,Slop Bucket,Justin Tucker,K,FA
2021,15,4,156,1029198,Gesicki Gnar Gnar. AMARIte??,Washington Commanders,D/ST,WAS
2021,15,5,157,1173487,The Poopsy Oopsies,Carlos Hyde,RB,FA
2021,15,6,158,573189,GERK,Tampa Bay Buccaneers,D/ST,TB
2021,15,7,159,689370,CRANKY,O.J. Howard,TE,FA
2021,15,8,160,769096,Mr. Kim's Kans,Harrison Butker,K,KC
2021,15,9,161,1029559,cRiTiCaL tHiNkErS,San Francisco 49ers,D/ST,SF
2021,15,10,162,573289,Dobbins,Keelan Cole,WR,FA
2021,15,11,163,1030247,Bosque Bruisers,Jason Sanders,K,NYJ
2021,16,7,170,573215,Team Mud Butt,Boston Scott,RB,FA
2021,16,6,169,1519607,Slop Bucket,Rondale Moore,WR,FA
2021,16,5,168,1173487,The Poopsy Oopsies,Denver Broncos,D/ST,DEN
2021,16,4,167,573189,GERK,Matt Prater,K,FA
2021,16,3,166,1029559,cRiTiCaL tHiNkErS,Terrace Marshall,WR,MIA
2021,16,2,165,573289,Dobbins,Greg Ward,WR,FA
2021,16,1,164,1030247,Bosque Bruisers,Ray-Ray McCloud,WR,FA
2021,17,1,171,535566,The Oopsy Poopsies,Indianapolis Colts,D/ST,IND
2022,1,1,1,1030247,Bosque Bruisers,Christian McCaffrey,RB,SF
2022,1,2,2,1029198,Gesicki Gnar Gnar. AMARIte??,Derrick Henry,RB,BAL
2022,1,3,3,573215,Burrowing Mule,Travis Kelce,TE,KC
2022,1,4,4,573289,Dobbins,Najee Harris,RB,FA
2022,1,5,5,769096,Mr. Kim's Kans,Austin Ekeler,RB,FA
2022,1,6,6,1173487,Chance Tha Rapper,Dalvin Cook,RB,FA
2022,1,7,7,689370,CRANKY,Joe Mixon,RB,FA
2022,1,8,8,573189,GERK,Alvin Kamara,RB,NO
2022,1,9,9,1519607,JERK Mate,Stefon Diggs,WR,WAS
2022,1,10,10,1029559,cRiTicaL ThInKErs,D'Andre Swift,RB,CHI
2022,1,11,11,1173483,Binghampton Rumble Ponies,Saquon Barkley,RB,PHI
2022,2,11,22,573215,Burrowing Mule,Keenan Allen,WR,FA
2022,2,10,21,1173483,Binghampton Rumble Ponies,A.J. Brown,WR,NE
2022,2,9,20,573215,Burrowing Mule,Tee Higgins,WR,CIN
2022,2,8,19,573289,Dobbins,Tyreek Hill,WR,FA
2022,2,7,18,573215,Burrowing Mule,James Conner,RB,ARI
2022,2,6,17,1173487,Chance Tha Rapper,Davante Adams,WR,LAR
2022,2,5,16,689370,CRANKY,Kyle Pitts,TE,ATL
2022,2,4,15,573189,GERK,Nick Chubb,RB,FA
2022,2,3,14,535566,Burrowing SnoopDobbyDobb,Aaron Jones,RB,MIN
2022,2,2,13,1173487,Chance Tha Rapper,CeeDee Lamb,WR,DAL
2022,2,1,12,1173483,Binghampton Rumble Ponies,Mark Andrews,TE,BAL
2022,3,1,23,1173483,Binghampton Rumble Ponies,Mike Evans,WR,SF
2022,3,2,24,573215,Burrowing Mule,DJ Moore,WR,BUF
2022,3,3,25,573215,Burrowing Mule,Josh Allen,QB,BUF
2022,3,4,26,573289,Dobbins,Patrick Mahomes,QB,KC
2022,3,5,27,1029559,cRiTicaL ThInKErs,Ezekiel Elliott,RB,FA
2022,3,6,28,1173487,Chance Tha Rapper,Terry McLaurin,WR,WAS
2022,3,7,29,1173487,Chance Tha Rapper,Breece Hall,RB,NYJ
2022,3,8,30,573189,GERK,David Montgomery,RB,HOU
2022,3,9,31,1519607,JERK Mate,Rashaad Penny,RB,FA
2022,3,10,32,1030247,Bosque Bruisers,Josh Jacobs,RB,GB
2022,3,11,33,1173487,Chance Tha Rapper,George Kittle,TE,SF
2022,3,12,34,1029559,cRiTicaL ThInKErs,DK Metcalf,WR,PIT
2022,4,9,43,689370,CRANKY,Miles Sanders,RB,FA
2022,4,8,42,1173483,Binghampton Rumble Ponies,Jalen Hurts,QB,PHI
2022,4,7,41,1173487,Chance Tha Rapper,Clyde Edwards-Helaire,RB,FA
2022,4,6,40,689370,CRANKY,Darnell Mooney,WR,NYG
2022,4,5,39,573189,GERK,Kyler Murray,QB,MIN
2022,4,4,38,1173487,Chance Tha Rapper,Diontae Johnson,WR,FA
2022,4,3,37,1029198,Gesicki Gnar Gnar. AMARIte??,Brandin Cooks,WR,FA
2022,4,2,36,1030247,Bosque Bruisers,Jerry Jeudy,WR,CLE
2022,4,1,35,1173483,Binghampton Rumble Ponies,Allen Robinson,WR,FA
2022,5,1,44,1030247,Bosque Bruisers,Lamar Jackson,QB,BAL
2022,5,2,45,535566,Burrowing SnoopDobbyDobb,Adam Thielen,WR,FA
2022,5,3,46,1029559,cRiTicaL ThInKErs,Darren Waller,TE,FA
2022,5,4,47,573189,GERK,Michael Thomas,WR,FA
2022,5,5,48,769096,Mr. Kim's Kans,Chris Godwin,WR,TB
2022,5,6,49,1173487,Chance Tha Rapper,Amari Cooper,WR,FA
2022,5,7,50,1173483,Binghampton Rumble Ponies,Chase Edmonds,RB,FA
2022,5,8,51,1519607,JERK Mate,Tom Brady,QB,FA
2022,5,9,52,535566,Burrowing SnoopDobbyDobb,JuJu Smith-Schuster,WR,NYG
2022,5,10,53,1519607,JERK Mate,Brandon Aiyuk,WR,SF
2022,5,11,54,1173483,Binghampton Rumble Ponies,DeVonta Smith,WR,PHI
2022,6,9,63,1029198,Gesicki Gnar Gnar. AMARIte??,Antonio Gibson,RB,FA
2022,6,8,62,1030247,Bosque Bruisers,Dawson Knox,TE,BUF
2022,6,7,61,1173483,Binghampton Rumble Ponies,Rhamondre Stevenson,RB,NE
2022,6,6,60,769096,Mr. Kim's Kans,Dallas Goedert,TE,PHI
2022,6,5,59,573189,GERK,Kareem Hunt,RB,FA
2022,6,4,58,1519607,JERK Mate,Devin Singletary,RB,NYG
2022,6,3,57,1029559,cRiTicaL ThInKErs,Dak Prescott,QB,DAL
2022,6,2,56,1519607,JERK Mate,Dalton Schultz,TE,HOU
2022,6,1,55,1173483,Binghampton Rumble Ponies,Damien Harris,RB,FA
2022,7,1,64,1029198,Gesicki Gnar Gnar. AMARIte??,T.J. Hockenson,TE,MIN
2022,7,2,65,1029198,Gesicki Gnar Gnar. AMARIte??,Trey Lance,QB,LAC
2022,7,3,66,573289,Dobbins,Melvin Gordon,RB,FA
2022,7,4,67,769096,Mr. Kim's Kans,Tony Pollard,RB,TEN
2022,7,5,68,1029198,Gesicki Gnar Gnar. AMARIte??,Dameon Pierce,RB,PHI
2022,7,6,69,689370,CRANKY,Christian Kirk,WR,SF
2022,7,7,70,573189,GERK,DeAndre Hopkins,WR,FA
2022,7,8,71,1519607,JERK Mate,Cordarrelle Patterson,RB,FA
2022,7,9,72,689370,CRANKY,Kadarius Toney,WR,FA
2022,8,12,84,1030247,Bosque Bruisers,Raheem Mostert,RB,FA
2022,8,11,83,1029198,Gesicki Gnar Gnar. AMARIte??,Chris Olave,WR,NO
2022,8,10,82,573215,Burrowing Mule,Darrell Henderson,RB,FA
2022,8,9,81,573289,Dobbins,Hunter Henry,TE,NE
2022,8,8,80,769096,Mr. Kim's Kans,Aaron Rodgers,QB,PIT
2022,8,7,79,1173483,Binghampton Rumble Ponies,Kenneth Walker,RB,KC
2022,8,6,78,1029559,cRiTicaL ThInKErs,Elijah Moore,WR,PHI
2022,8,5,77,573189,GERK,Zach Ertz,TE,FA
2022,8,4,76,535566,Burrowing SnoopDobbyDobb,James Cook,RB,BUF
2022,8,3,75,535566,Burrowing SnoopDobbyDobb,Joe Burrow,QB,CIN
2022,8,2,74,573189,GERK,Drake London,WR,ATL
2022,8,1,73,1173483,Binghampton Rumble Ponies,Hunter Renfrow,WR,FA
2022,9,1,85,1030247,Bosque Bruisers,Skyy Moore,WR,GB
2022,9,2,86,573215,Burrowing Mule,Alexander Mattison,RB,FA
2022,9,3,87,573289,Dobbins,Chase Claypool,WR,FA
2022,9,4,88,769096,Mr. Kim's Kans,Michael Carter,RB,TEN
2022,9,5,89,689370,CRANKY,Russell Wilson,QB,FA
2022,9,6,90,689370,CRANKY,Brian Robinson,RB,ATL
2022,9,7,91,573189,GERK,Tyler Lockett,WR,FA
2022,9,8,92,1519607,JERK Mate,Marquez Valdes-Scantling,WR,DAL
2022,9,9,93,535566,Burrowing SnoopDobbyDobb,Treylon Burks,WR,WAS
2022,9,10,94,689370,CRANKY,Marlon Mack,RB,FA
2022,9,11,95,1030247,Bosque Bruisers,Jakobi Meyers,WR,JAC
2022,10,11,106,1030247,Bosque Bruisers,Albert Okwuegbunam,TE,LV
2022,10,10,105,1029198,Gesicki Gnar Gnar. AMARIte??,George Pickens,WR,DAL
2022,10,9,104,573215,Burrowing Mule,Nyheim Miller-Hines,RB,FA
2022,10,8,103,573289,Dobbins,Mike Gesicki,TE,CIN
2022,10,7,102,769096,Mr. Kim's Kans,Garrett Wilson,WR,NYJ
2022,10,6,101,1173487,Chance Tha Rapper,James Robinson,RB,FA
2022,10,5,100,1029559,cRiTicaL ThInKErs,Cole Kmet,TE,CHI
2022,10,4,99,573189,GERK,Kenny Gainwell,RB,TB
2022,10,3,98,1519607,JERK Mate,Tyler Allgeier,RB,ARI
2022,10,2,97,535566,Burrowing SnoopDobbyDobb,Pat Freiermuth,TE,PIT
2022,10,1,96,1030247,Bosque Bruisers,Robert Woods,WR,FA
2022,11,1,107,1030247,Bosque Bruisers,D'Onta Foreman,RB,FA
2022,11,2,108,1029198,Gesicki Gnar Gnar. AMARIte??,Khalil Herbert,RB,SF
2022,11,3,109,573215,Burrowing Mule,Michael Gallup,WR,FA
2022,11,4,110,573289,Dobbins,Matthew Stafford,QB,LAR
2022,11,5,111,769096,Mr. Kim's Kans,Tyler Boyd,WR,FA
2022,11,6,112,1173487,Chance Tha Rapper,Julio Jones,WR,FA
2022,11,7,113,689370,CRANKY,Russell Gage,WR,FA
2022,11,8,114,1519607,JERK Mate,Irv Smith,TE,FA
2022,11,9,115,535566,Burrowing SnoopDobbyDobb,Jamaal Williams,RB,FA
2022,11,10,116,1029559,cRiTicaL ThInKErs,DeVante Parker,WR,FA
2022,11,11,117,535566,Burrowing SnoopDobbyDobb,Jarvis Landry,WR,FA
2022,12,10,127,1029559,cRiTicaL ThInKErs,Buffalo Bills,D/ST,BUF
2022,12,9,126,1029198,Gesicki Gnar Gnar. AMARIte??,DJ Chark,WR,FA
2022,12,8,125,573289,Dobbins,Matt Gay,K,LV
2022,12,7,124,769096,Mr. Kim's Kans,Daniel Carlson,K,FA
2022,12,6,123,1173487,Chance Tha Rapper,Nico Collins,WR,HOU
2022,12,5,122,689370,CRANKY,Jahan Dotson,WR,ATL
2022,12,4,121,573189,GERK,Rondale Moore,WR,FA
2022,12,3,120,1519607,JERK Mate,Justin Tucker,K,FA
2022,12,2,119,535566,Burrowing SnoopDobbyDobb,Isaiah Spiller,RB,FA
2022,12,1,118,1029559,cRiTicaL ThInKErs,Kirk Cousins,QB,LV
2022,13,1,128,1030247,Bosque Bruisers,Tampa Bay Buccaneers,D/ST,TB
2022,13,2,129,1029198,Gesicki Gnar Gnar. AMARIte??,Justin Fields,QB,KC
2022,13,3,130,573215,Burrowing Mule,Darrel Williams,RB,FA
2022,13,4,131,573289,Dobbins,J.D. McKissic,RB,FA
2022,13,5,132,769096,Mr. Kim's Kans,Rachaad White,RB,WAS
2022,13,6,133,1173487,Chance Tha Rapper,Evan McPherson,K,CIN
2022,13,7,134,689370,CRANKY,Trevor Lawrence,QB,JAC
2022,13,8,135,573189,GERK,Mark Ingram,RB,FA
2022,13,9,136,1519607,JERK Mate,Noah Fant,TE,NO
2022,13,10,137,535566,Burrowing SnoopDobbyDobb,Derek Carr,QB,FA
2022,13,11,138,1029559,cRiTicaL ThInKErs,K.J. Osborn,WR,TEN
2022,14,12,150,1030247,Bosque Bruisers,Tua Tagovailoa,QB,ATL
2022,14,11,149,1029198,Gesicki Gnar Gnar. AMARIte??,Tyrion Davis-Price,RB,FA
2022,14,10,148,573215,Burrowing Mule,Christian Watson,WR,GB
2022,14,9,147,573289,Dobbins,Denver Broncos,D/ST,DEN
2022,14,8,146,769096,Mr. Kim's Kans,David Njoku,TE,LAC
2022,14,7,145,1173487,Chance Tha Rapper,Isaiah Likely,TE,NYG
2022,14,6,144,689370,CRANKY,Jameson Williams,WR,DET
2022,14,5,143,573189,GERK,Robert Tonyan,TE,PIT
2022,14,4,142,1519607,JERK Mate,Corey Davis,WR,FA
2022,14,3,141,535566,Burrowing SnoopDobbyDobb,Evan Engram,TE,DEN
2022,14,2,140,1029559,cRiTicaL ThInKErs,Joshua Palmer,WR,BUF
2022,14,1,139,1173483,Binghampton Rumble Ponies,Gus Edwards,RB,FA
2022,15,1,151,1030247,Bosque Bruisers,Tyler Bass,K,BUF
2022,15,2,152,1029198,Gesicki Gnar Gnar. AMARIte??,Los Angeles Chargers,D/ST,LAC
2022,15,3,153,573215,Burrowing Mule,Romeo Doubs,WR,NE
2022,15,4,154,573289,Dobbins,Kendrick Bourne,WR,ARI
2022,15,5,155,769096,Mr. Kim's Kans,San Francisco 49ers,D/ST,SF
2022,15,6,156,689370,CRANKY,Philadelphia Eagles,D/ST,PHI
2022,15,7,157,573189,GERK,Matt Prater,K,FA
2022,15,8,158,1519607,JERK Mate,Marvin Jones,WR,FA
2022,15,9,159,535566,Burrowing SnoopDobbyDobb,Dallas Cowboys,D/ST,DAL
2022,15,10,160,1029559,cRiTicaL ThInKErs,Isiah Pacheco,RB,DET
2022,15,11,161,1173483,Binghampton Rumble Ponies,Kenny Golladay,WR,FA
2022,16,6,167,1029198,Gesicki Gnar Gnar. AMARIte??,Rodrigo Blankenship,K,FA
2022,16,5,166,573215,Burrowing Mule,Tyler Higbee,TE,LAR
2022,16,4,165,573289,Dobbins,Sony Michel,RB,FA
2022,16,3,164,1519607,JERK Mate,New Orleans Saints,D/ST,NO
2022,16,2,163,535566,Burrowing SnoopDobbyDobb,Harrison Butker,K,KC
2022,16,1,162,1029559,cRiTicaL ThInKErs,Ryan Succop,K,FA
2022,17,1,168,573289,Dobbins,Donovan Peoples-Jones,WR,FA
2022,17,2,169,769096,Mr. Kim's Kans,Boston Scott,RB,FA
