date,season,owner,teamId,player,pos,winBid,nBidders,topLoserBid
2025-12-24,2025,SimonMiller,1029559,Trevor Lawrence,QB,5,1,
2025-12-17,2025,madmax101010,1029198,Michael Carter,RB,21,1,
2025-12-17,2025,madmax101010,1029198,Troy Franklin,WR,5,1,
2025-12-17,2025,madmax101010,1029198,Colby Parkinson,TE,5,1,
2025-12-17,2025,madmax101010,1029198,New Orleans Saints,D/ST,5,1,
2025-12-10,2025,SimonMiller,1029559,Colston Loveland,TE,11,2,1
2025-12-04,2025,zach_montoya,769096,Dalton Kincaid,TE,10,1,
2025-12-03,2025,Ryan505,535566,Brenton Strange,TE,49,2,10
2025-12-03,2025,Ryan505,535566,Washington Commanders,D/ST,19,1,
2025-12-03,2025,Ryan505,535566,Adonai Mitchell,WR,11,1,
2025-12-03,2025,Brotesk,1519607,Evan McPherson,K,10,1,
2025-12-03,2025,zach_montoya,769096,Tampa Bay Buccaneers,D/ST,3,1,
2025-11-26,2025,Joles,1173483,Devin Neal,RB,27,2,16
2025-11-26,2025,levp,1030247,C.J. Stroud,QB,3,1,
2025-11-19,2025,JGERK,573189,Emanuel Wilson,RB,77,5,60
2025-11-19,2025,ajg21,573289,Jacoby Brissett,QB,10,1,
2025-11-19,2025,madmax101010,1029198,Jakobi Meyers,WR,6,4,5
2025-11-19,2025,ajg21,573289,Tampa Bay Buccaneers,D/ST,5,1,
2025-11-19,2025,Joles,1173483,Darnell Mooney,WR,5,2,3
2025-11-12,2025,ajg21,573289,Mac Jones,QB,25,1,
2025-11-12,2025,Iyano1911,689370,Joe Burrow,QB,11,1,
2025-11-12,2025,Iyano1911,689370,Sean Tucker,RB,1,1,
2025-11-12,2025,Joles,1173483,Atlanta Falcons,D/ST,1,1,
2025-11-05,2025,Joles,1173483,Devin Singletary,RB,12,2,8
2025-11-05,2025,SimonMiller,1029559,Sam Darnold,QB,11,3,7
2025-11-05,2025,Iyano1911,689370,Trevor Lawrence,QB,3,1,
2025-11-05,2025,JGERK,573189,Matt Prater,K,2,1,
2025-11-05,2025,zach_montoya,769096,Tampa Bay Buccaneers,D/ST,2,1,
2025-11-05,2025,Joles,1173483,Seattle Seahawks,D/ST,2,1,
2025-10-29,2025,levp,1030247,Tank Bigsby,RB,22,1,
2025-10-29,2025,SimonMiller,1029559,Brian Robinson,RB,7,2,2
2025-10-29,2025,Iyano1911,689370,Dylan Sampson,RB,3,2,2
2025-10-29,2025,Joles,1173483,Samaje Perine,RB,3,1,
2025-10-22,2025,madmax101010,1029198,Oronde Gadsden,TE,11,5,10
2025-10-22,2025,levp,1030247,Tez Johnson,WR,11,2,11
2025-10-22,2025,madmax101010,1029198,Alec Pierce,WR,6,2,3
2025-10-22,2025,Ryan505,535566,Tyrone Tracy,RB,3,1,
2025-10-22,2025,Joles,1173483,Indianapolis Colts,D/ST,1,1,
2025-10-15,2025,SimonMiller,1029559,Ray Davis,RB,6,1,
2025-10-15,2025,Ryan505,535566,Sterling Shepard,WR,5,1,
2025-10-15,2025,zach_montoya,769096,New England Patriots,D/ST,2,2,2
2025-10-15,2025,SimonMiller,1029559,Ka'imi Fairbairn,K,2,1,
2025-10-15,2025,Joles,1173483,Elic Ayomanor,WR,2,1,
2025-10-08,2025,levp,1030247,Kimani Vidal,RB,31,5,27
2025-10-08,2025,SimonMiller,1029559,Hassan Haskins,RB,27,3,13
2025-10-08,2025,Joles,1173483,Mason Taylor,TE,17,3,11
2025-10-08,2025,SimonMiller,1029559,Christian Watson,WR,6,1,
2025-10-08,2025,levp,1030247,Tory Horton,WR,5,1,
2025-10-08,2025,madmax101010,1029198,Theo Johnson,TE,4,1,
2025-10-01,2025,JGERK,573189,Justice Hill,RB,6,1,
2025-10-01,2025,SimonMiller,1029559,Darius Slayton,WR,6,2,1
2025-10-01,2025,madmax101010,1029198,Jaxson Dart,QB,5,1,
2025-10-01,2025,JGERK,573189,Arizona Cardinals,D/ST,2,1,
2025-10-01,2025,zach_montoya,769096,Jason Myers,K,1,1,
2025-10-01,2025,zach_montoya,769096,Malik Washington,WR,1,1,
2025-09-24,2025,Ryan505,535566,Christian Kirk,WR,13,2,1
2025-09-24,2025,JGERK,573189,Tre Tucker,WR,9,3,6
2025-09-24,2025,Joles,1173483,Tory Horton,WR,5,1,
2025-09-24,2025,madmax101010,1029198,Rashod Bateman,WR,3,1,
2025-09-24,2025,Joles,1173483,Mark Andrews,TE,2,3,2
2025-09-17,2025,madmax101010,1029198,Troy Franklin,WR,13,3,7
2025-09-17,2025,Joles,1173483,Elic Ayomanor,WR,12,2,11
2025-09-17,2025,levp,1030247,Daniel Jones,QB,8,2,6
2025-09-17,2025,Iyano1911,689370,Miles Sanders,RB,7,1,
2025-09-17,2025,levp,1030247,Matt Prater,K,1,1,
2025-09-11,2025,SimonMiller,1029559,Blake Corum,RB,19,1,
2025-09-10,2025,Chance145,1173487,Kayshon Boutte,WR,51,2,2
2025-09-10,2025,ajg21,573289,Juwan Johnson,TE,18,2,11
2025-09-10,2025,Iyano1911,689370,Calvin Austin,WR,17,2,5
2025-09-10,2025,Joles,1173483,Harold Fannin,TE,5,1,
2025-09-10,2025,JGERK,573189,Kenny Gainwell,RB,3,1,
2025-09-10,2025,Joles,1173483,Brenton Strange,TE,1,1,
2025-08-27,2025,Iyano1911,689370,Jacory Croskey-Merritt,RB,34,6,31
2025-08-27,2025,Iyano1911,689370,Rico Dowdle,RB,23,2,6
2025-08-27,2025,BurrowingMule,573215,Keenan Allen,WR,21,2,4
2025-08-27,2025,levp,1030247,J.J. McCarthy,QB,12,1,
2025-08-27,2025,BurrowingMule,573215,Ollie Gordon,RB,11,4,9
2025-08-27,2025,BurrowingMule,573215,Amari Cooper,WR,8,1,
2025-08-27,2025,Joles,1173483,Dylan Sampson,RB,5,2,3
2025-08-27,2025,JGERK,573189,Raheem Mostert,RB,1,1,
2025-08-27,2025,madmax101010,1029198,Dameon Pierce,RB,1,1,
2025-08-13,2025,JGERK,573189,Rico Dowdle,RB,3,1,
2024-12-25,2024,madmax101010,1029198,Tampa Bay Buccaneers,D/ST,8,1,
2024-12-18,2024,Ryan505,535566,Justice Hill,RB,46,1,
2024-12-13,2024,Iyano1911,689370,Rome Odunze,WR,6,1,
2024-12-11,2024,Iyano1911,689370,Stefon Diggs,WR,11,1,
2024-12-11,2024,Iyano1911,689370,Diontae Johnson,WR,11,1,
2024-12-04,2024,zach_montoya,769096,Isaac Guerendo,RB,90,8,54
2024-12-04,2024,madmax101010,1029198,Adam Thielen,WR,5,2,2
2024-12-04,2024,madmax101010,1029198,Elijah Moore,WR,3,1,
2024-11-28,2024,Joles,1173483,Braelon Allen,RB,18,3,3
2024-11-27,2024,Iyano1911,689370,Cincinnati Bengals,D/ST,8,1,
2024-11-27,2024,Ryan505,535566,Indianapolis Colts,D/ST,6,1,
2024-11-27,2024,madmax101010,1029198,Dallas Cowboys,D/ST,6,1,
2024-11-27,2024,SimonMiller,1029559,Sam LaPorta,TE,5,2,3
2024-11-27,2024,Iyano1911,689370,New York Giants,D/ST,1,1,
2024-11-27,2024,madmax101010,1029198,Devaughn Vele,WR,1,1,
2024-11-20,2024,Iyano1911,689370,Anthony Richardson,QB,21,1,
2024-11-20,2024,levp,1030247,Will Dissly,TE,7,1,
2024-11-20,2024,Ryan505,535566,Nick Westbrook-Ikhine,WR,6,1,
2024-11-20,2024,Joles,1173483,Arizona Cardinals,D/ST,3,1,
2024-11-13,2024,Iyano1911,689370,Cam Akers,RB,17,3,6
2024-11-13,2024,levp,1030247,Marquez Valdes-Scantling,WR,6,1,
2024-11-13,2024,Joles,1173483,Elijah Moore,WR,5,1,
2024-11-13,2024,levp,1030247,Adonai Mitchell,WR,3,1,
2024-11-13,2024,Joles,1173483,Green Bay Packers,D/ST,3,1,
2024-11-13,2024,SimonMiller,1029559,C.J. Stroud,QB,2,1,
2024-11-13,2024,Joles,1173483,Noah Brown,WR,2,1,
2024-11-06,2024,Ryan505,535566,Ricky Pearsall,WR,17,1,
2024-11-06,2024,Chance145,1173487,Demarcus Robinson,WR,15,1,
2024-11-06,2024,levp,1030247,Khalil Herbert,RB,6,1,
2024-11-06,2024,levp,1030247,Hunter Henry,TE,4,2,3
2024-11-06,2024,madmax101010,1029198,Quentin Johnston,WR,2,1,
2024-11-06,2024,zach_montoya,769096,Jonnu Smith,TE,1,1,
2024-11-06,2024,SimonMiller,1029559,Cam Akers,RB,1,1,
2024-11-01,2024,levp,1030247,Detroit Lions,D/ST,1,1,
2024-10-30,2024,Joles,1173483,Chicago Bears,D/ST,1,2,1
2024-10-25,2024,Joles,1173483,DeMario Douglas,WR,2,1,
2024-10-23,2024,ajg21,573289,Jauan Jennings,WR,55,6,51
2024-10-23,2024,Brotesk,1519607,Sterling Shepard,WR,30,1,
2024-10-23,2024,Joles,1173483,Ricky Pearsall,WR,12,1,
2024-10-23,2024,SimonMiller,1029559,Kimani Vidal,RB,3,1,
2024-10-18,2024,madmax101010,1029198,Trey Sermon,RB,6,1,
2024-10-16,2024,Joles,1173483,Isaac Guerendo,RB,20,1,
2024-10-16,2024,SimonMiller,1029559,DeMario Douglas,WR,11,1,
2024-10-16,2024,Joles,1173483,Sean Tucker,RB,8,1,
2024-10-16,2024,JGERK,573189,Caleb Williams,QB,1,1,
2024-10-11,2024,Joles,1173483,Harrison Butker,K,3,1,
2024-10-11,2024,Joles,1173483,Tyler Bass,K,2,1,
2024-10-10,2024,levp,1030247,Colby Parkinson,TE,1,1,
2024-10-09,2024,SimonMiller,1029559,Kirk Cousins,QB,9,1,
2024-10-09,2024,levp,1030247,JuJu Smith-Schuster,WR,5,1,
2024-10-09,2024,madmax101010,1029198,Michael Wilson,WR,4,2,3
2024-10-09,2024,madmax101010,1029198,Dare Ogunbowale,RB,3,1,
2024-10-09,2024,SimonMiller,1029559,Ty Johnson,RB,3,1,
2024-10-02,2024,BurrowingMule,573215,Dontayvion Wicks,WR,85,2,16
2024-10-02,2024,BurrowingMule,573215,Tucker Kraft,TE,10,3,9
2024-10-02,2024,Ryan505,535566,Jaylen Warren,RB,9,2,8
2024-10-02,2024,madmax101010,1029198,Josh Downs,WR,7,1,
2024-10-02,2024,Joles,1173483,Trevor Lawrence,QB,5,1,
2024-10-02,2024,madmax101010,1029198,Jordan Whittington,WR,3,1,
2024-10-02,2024,madmax101010,1029198,Miles Sanders,RB,1,1,
2024-09-25,2024,Ryan505,535566,Buffalo Bills,D/ST,9,1,
2024-09-25,2024,levp,1030247,Andrei Iosivas,WR,7,2,6
2024-09-25,2024,JGERK,573189,Roschon Johnson,RB,3,1,
2024-09-25,2024,SimonMiller,1029559,Aaron Rodgers,QB,3,2,2
2024-09-25,2024,levp,1030247,Noah Fant,TE,2,1,
2024-09-25,2024,SimonMiller,1029559,Trey Sermon,RB,1,1,
2024-09-20,2024,Joles,1173483,Rico Dowdle,RB,3,2,1
2024-09-18,2024,Brotesk,1519607,Carson Steele,RB,50,4,21
2024-09-18,2024,madmax101010,1029198,Quentin Johnston,WR,11,1,
2024-09-18,2024,Joles,1173483,Hunter Henry,TE,11,3,9
2024-09-18,2024,madmax101010,1029198,D'Onta Foreman,RB,8,1,
2024-09-18,2024,JGERK,573189,Derek Carr,QB,7,2,6
2024-09-18,2024,zach_montoya,769096,Geno Smith,QB,7,1,
2024-09-18,2024,Joles,1173483,Isaac Guerendo,RB,2,1,
2024-09-18,2024,Brotesk,1519607,Sam Darnold,QB,2,1,
2024-09-18,2024,zach_montoya,769096,Minnesota Vikings,D/ST,1,1,
2024-09-11,2024,Chance145,1173487,Allen Lazard,WR,25,3,6
2024-09-11,2024,levp,1030247,Baker Mayfield,QB,21,2,6
2024-09-11,2024,ajg21,573289,Bucky Irving,RB,13,2,6
2024-09-11,2024,madmax101010,1029198,Demarcus Robinson,WR,7,2,1
2024-09-11,2024,Chance145,1173487,Foster Moreau,TE,5,1,
2024-09-04,2024,Chance145,1173487,Dalvin Cook,RB,10,1,
2024-08-28,2024,SimonMiller,1029559,Jordan Mason,RB,39,2,5
2024-08-28,2024,SimonMiller,1029559,Ray Davis,RB,13,2,1
2024-08-28,2024,SimonMiller,1029559,Tank Bigsby,RB,9,1,
2024-08-28,2024,BurrowingMule,573215,Isaiah Likely,TE,5,1,
2024-08-28,2024,levp,1030247,Chig Okonkwo,TE,4,1,
2024-08-28,2024,Iyano1911,689370,Jamaal Williams,RB,1,1,
2023-12-27,2023,JGERK,573189,Baltimore Ravens,D/ST,34,1,
2023-12-27,2023,BurrowingMule,573215,Younghoe Koo,K,2,1,
2023-12-20,2023,Iyano1911,689370,Trey Sermon,RB,1,1,
2023-12-13,2023,Iyano1911,689370,Wan'Dale Robinson,WR,3,1,
2023-12-06,2023,Ryan505,535566,Romeo Doubs,WR,35,2,16
2023-12-06,2023,madmax101010,1029198,Zay Jones,WR,11,2,11
2023-12-06,2023,madmax101010,1029198,Cleveland Browns,D/ST,3,1,
2023-12-06,2023,Joles,1173483,Kenny Gainwell,RB,3,1,
2023-12-01,2023,Iyano1911,689370,Jameson Williams,WR,1,1,
2023-11-29,2023,Chance145,1173487,Jordan Love,QB,25,2,1
2023-11-29,2023,Iyano1911,689370,Pat Freiermuth,TE,8,2,2
2023-11-29,2023,Joles,1173483,Gerald Everett,TE,1,1,
2023-11-29,2023,Joles,1173483,Gardner Minshew,QB,1,1,
2023-11-22,2023,Joles,1173483,Derek Carr,QB,4,1,
2023-11-22,2023,madmax101010,1029198,Isaiah Likely,TE,3,2,2
2023-11-15,2023,zach_montoya,769096,Jerick McKinnon,RB,2,1,
2023-11-15,2023,Iyano1911,689370,Jason Sanders,K,1,1,
2023-11-08,2023,Joles,1173483,Keaton Mitchell,RB,26,1,
2023-11-08,2023,Iyano1911,689370,Joshua Dobbs,QB,22,1,
2023-11-08,2023,Joles,1173483,Seattle Seahawks,D/ST,4,2,3
2023-11-08,2023,Joles,1173483,Brandon McManus,K,2,1,
2023-11-08,2023,JGERK,573189,Baltimore Ravens,D/ST,1,2,1
2023-11-01,2023,Joles,1173483,Trey McBride,TE,36,4,15
2023-11-01,2023,Joles,1173483,DeMario Douglas,WR,10,2,2
2023-10-27,2023,Brotesk,1519607,D'Onta Foreman,RB,55,1,
2023-10-26,2023,JGERK,573189,Seattle Seahawks,D/ST,1,1,
2023-10-25,2023,zach_montoya,769096,Dalton Kincaid,TE,23,2,13
2023-10-25,2023,madmax101010,1029198,Gus Edwards,RB,4,2,4
2023-10-18,2023,zach_montoya,769096,Zach Evans,RB,24,2,11
2023-10-18,2023,madmax101010,1029198,Jordan Mason,RB,4,1,
2023-10-18,2023,madmax101010,1029198,Wan'Dale Robinson,WR,2,1,
2023-10-11,2023,JGERK,573189,Emari Demercado,RB,41,2,4
2023-10-11,2023,levp,1030247,Logan Thomas,TE,23,3,20
2023-10-11,2023,levp,1030247,K.J. Osborn,WR,18,2,6
2023-10-11,2023,zach_montoya,769096,Justin Tucker,K,2,1,
2023-10-04,2023,Chance145,1173487,Michael Wilson,WR,25,2,6
2023-10-04,2023,JGERK,573189,Jaleel McLaughlin,RB,17,3,11
2023-10-04,2023,Chance145,1173487,C.J. Stroud,QB,15,3,11
2023-10-04,2023,Chance145,1173487,Jake Ferguson,TE,5,2,3
2023-10-04,2023,JGERK,573189,Washington Commanders,D/ST,1,1,
2023-09-27,2023,Ryan505,535566,Joshua Palmer,WR,22,4,7
2023-09-27,2023,Ryan505,535566,Antonio Gibson,RB,7,1,
2023-09-27,2023,madmax101010,1029198,Josh Downs,WR,7,1,
2023-09-27,2023,Iyano1911,689370,Marvin Mims,WR,5,2,5
2023-09-27,2023,SimonMiller,1029559,Quentin Johnston,WR,5,1,
2023-09-27,2023,Ryan505,535566,Brandon Aubrey,K,1,1,
2023-09-20,2023,ajg21,573289,Josh Reynolds,WR,20,6,11
2023-09-20,2023,SimonMiller,1029559,Matt Breida,RB,13,2,11
2023-09-20,2023,madmax101010,1029198,DeVante Parker,WR,11,1,
2023-09-20,2023,Joles,1173483,Tank Dell,WR,10,1,
2023-09-20,2023,Ryan505,535566,Jared Goff,QB,6,1,
2023-09-20,2023,madmax101010,1029198,Craig Reynolds,RB,6,2,5
2023-09-20,2023,zach_montoya,769096,Kansas City Chiefs,D/ST,2,1,
2023-09-15,2023,Brotesk,1519607,Zack Moss,RB,35,1,
2023-09-13,2023,BurrowingMule,573215,Puka Nacua,WR,75,5,35
2023-09-13,2023,levp,1030247,Justice Hill,RB,41,3,20
2023-09-13,2023,madmax101010,1029198,Hunter Henry,TE,26,1,
2023-09-13,2023,Chance145,1173487,Kendrick Bourne,WR,25,4,10
2023-09-13,2023,BurrowingMule,573215,Kyren Williams,RB,20,5,27
2023-09-13,2023,levp,1030247,Brock Purdy,QB,15,1,
2023-09-13,2023,Iyano1911,689370,Jordan Love,QB,12,3,11
2023-09-13,2023,madmax101010,1029198,Rashid Shaheed,WR,11,1,
2023-09-13,2023,levp,1030247,Hayden Hurst,TE,3,2,1
2023-09-08,2023,SimonMiller,1029559,Jaxon Smith-Njigba,WR,51,1,
2023-09-08,2023,ajg21,573289,Roschon Johnson,RB,10,1,
2023-09-06,2023,Iyano1911,689370,Jameson Williams,WR,45,2,1
2023-09-06,2023,SimonMiller,1029559,Tyjae Spears,RB,11,1,
2023-09-06,2023,SimonMiller,1029559,Jerome Ford,RB,11,1,
2023-09-06,2023,Brotesk,1519607,Marquez Valdes-Scantling,WR,10,1,
2023-09-06,2023,SimonMiller,1029559,Deuce Vaughn,RB,9,1,
2023-09-06,2023,JGERK,573189,Washington Commanders,D/ST,3,1,
2023-09-06,2023,BurrowingMule,573215,Kareem Hunt,RB,3,1,
2023-09-06,2023,JGERK,573189,Sam LaPorta,TE,2,2,1
2023-08-02,2023,JGERK,573189,Taysom Hill,TE,7,1,
2022-12-14,2022,JGERK,573189,Deshaun Watson,QB,43,1,
2022-12-14,2022,levp,1030247,Pierre Strong,RB,5,1,
2022-12-14,2022,SimonMiller,1029559,Chig Okonkwo,TE,3,1,
2022-12-14,2022,SimonMiller,1029559,Tyler Allgeier,RB,1,1,
2022-12-08,2022,levp,1030247,Seattle Seahawks,D/ST,4,1,
2022-12-07,2022,madmax101010,1029198,James Cook,RB,28,4,28
2022-12-07,2022,levp,1030247,Tyler Huntley,QB,9,1,
2022-11-30,2022,ajg21,573289,Mecole Hardman,WR,20,1,
2022-11-30,2022,ajg21,573289,Zay Jones,WR,20,4,7
2022-11-30,2022,madmax101010,1029198,Benny Snell,RB,9,1,
2022-11-23,2022,Joles,1173483,Cam Akers,RB,30,3,18
2022-11-23,2022,levp,1030247,Samaje Perine,RB,17,1,
2022-11-23,2022,SimonMiller,1029559,Dawson Knox,TE,11,1,
2022-11-16,2022,Joles,1173483,Isiah Pacheco,RB,20,2,13
2022-11-16,2022,madmax101010,1029198,Darius Slayton,WR,6,1,
2022-11-16,2022,Joles,1173483,New York Jets,D/ST,5,1,
2022-11-16,2022,Joles,1173483,Foster Moreau,TE,5,1,
2022-11-16,2022,levp,1030247,Nico Collins,WR,4,1,
2022-11-09,2022,levp,1030247,Chase Edmonds,RB,11,1,
2022-11-09,2022,Iyano1911,689370,Cole Kmet,TE,7,1,
2022-11-09,2022,JGERK,573189,Arizona Cardinals,D/ST,6,1,
2022-11-04,2022,madmax101010,1029198,Zay Jones,WR,1,1,
2022-11-03,2022,Joles,1173483,Tampa Bay Buccaneers,D/ST,2,1,
2022-11-02,2022,Ryan505,535566,Justin Fields,QB,12,1,
2022-11-02,2022,madmax101010,1029198,Kenyan Drake,RB,6,1,
2022-11-02,2022,madmax101010,1029198,Ronnie Rivers,RB,5,1,
2022-11-02,2022,Ryan505,535566,Buffalo Bills,D/ST,4,1,
2022-11-02,2022,JGERK,573189,Nick Folk,K,2,1,
2022-11-02,2022,Ryan505,535566,Younghoe Koo,K,1,1,
2022-10-26,2022,Joles,1173483,Wan'Dale Robinson,WR,21,2,9
2022-10-26,2022,madmax101010,1029198,Greg Dulcich,TE,9,2,2
2022-10-26,2022,Iyano1911,689370,Parris Campbell,WR,8,2,1
2022-10-26,2022,Joles,1173483,Cade Otton,TE,3,1,
2022-10-26,2022,Ryan505,535566,Cade York,K,1,1,
2022-10-19,2022,Ryan505,535566,Joshua Palmer,WR,21,2,5
2022-10-19,2022,SimonMiller,1029559,Kyren Williams,RB,21,1,
2022-10-19,2022,SimonMiller,1029559,Matt Breida,RB,11,1,
2022-10-19,2022,Ryan505,535566,Harrison Butker,K,5,1,
2022-10-19,2022,Iyano1911,689370,Buffalo Bills,D/ST,3,1,
2022-10-19,2022,madmax101010,1029198,Daniel Bellinger,TE,3,1,
2022-10-19,2022,Iyano1911,689370,Pittsburgh Steelers,D/ST,2,1,
2022-10-19,2022,Joles,1173483,Matt Ryan,QB,1,1,
2022-10-12,2022,Iyano1911,689370,Tua Tagovailoa,QB,9,2,1
2022-10-12,2022,SimonMiller,1029559,Matt Breida,RB,5,1,
2022-10-12,2022,SimonMiller,1029559,New England Patriots,D/ST,4,2,3
2022-10-12,2022,BurrowingMule,573215,Joshua Kelley,RB,3,1,
2022-10-12,2022,madmax101010,1029198,Tevin Coleman,RB,3,1,
2022-10-12,2022,madmax101010,1029198,Khalil Shakir,WR,3,1,
2022-10-12,2022,zach_montoya,769096,Nick Folk,K,1,1,
2022-10-12,2022,Joles,1173483,Jameis Winston,QB,1,1,
2022-10-10,2022,madmax101010,1029198,Hunter Renfrow,WR,6,1,
2022-10-05,2022,levp,1030247,Mike Boone,RB,23,2,11
2022-10-05,2022,Chance145,1173487,Will Dissly,TE,20,2,20
2022-10-05,2022,Chance145,1173487,Devin Duvernay,WR,8,2,6
2022-10-05,2022,SimonMiller,1029559,New England Patriots,D/ST,3,1,
2022-10-05,2022,Joles,1173483,Jacksonville Jaguars,D/ST,3,1,
2022-10-05,2022,madmax101010,1029198,Geno Smith,QB,2,1,
2022-10-05,2022,Iyano1911,689370,Taysom Hill,TE,1,1,
2022-09-28,2022,Ryan505,535566,Greg Dortch,WR,11,4,11
2022-09-28,2022,BurrowingMule,573215,Zay Jones,WR,11,2,6
2022-09-21,2022,BurrowingMule,573215,Garrett Wilson,WR,65,6,51
2022-09-21,2022,SimonMiller,1029559,Tua Tagovailoa,QB,31,2,11
2022-09-21,2022,Iyano1911,689370,Irv Smith,TE,11,1,
2022-09-21,2022,Ryan505,535566,Jacksonville Jaguars,D/ST,2,1,
2022-09-21,2022,Joles,1173483,Pittsburgh Steelers,D/ST,2,1,
2022-09-21,2022,Joles,1173483,Hayden Hurst,TE,2,1,
2022-09-14,2022,Iyano1911,689370,Taysom Hill,TE,24,1,
2022-09-14,2022,Chance145,1173487,O.J. Howard,TE,15,2,5
2022-09-14,2022,madmax101010,1029198,DJ Chark,WR,11,2,2
2022-09-14,2022,madmax101010,1029198,Robbie Chosen,WR,8,1,
2022-09-14,2022,SimonMiller,1029559,Samaje Perine,RB,8,1,
2022-09-14,2022,levp,1030247,Tyler Higbee,TE,7,2,7
2022-09-14,2022,BurrowingMule,573215,Eno Benjamin,RB,3,1,
2022-09-08,2022,SimonMiller,1029559,Gerald Everett,TE,2,1,
2021-12-29,2021,madmax101010,1029198,Rex Burkhead,RB,2,1,
2021-12-22,2021,Brotesk,1519607,Tyler Johnson,WR,90,1,
2021-12-22,2021,madmax101010,1029198,Justin Jackson,RB,12,1,
2021-12-15,2021,madmax101010,1029198,Tua Tagovailoa,QB,6,1,
2021-12-11,2021,SimonMiller,1029559,Jermar Jefferson,RB,2,1,
2021-12-08,2021,JGERK,573189,K.J. Osborn,WR,11,4,6
2021-12-08,2021,Joles,1173483,Amon-Ra St. Brown,WR,6,3,5
2021-12-08,2021,levp,1030247,Tyler Conklin,TE,5,1,
2021-12-04,2021,BurrowingMule,573215,Sony Michel,RB,23,2,2
2021-12-03,2021,Ryan505,535566,Latavius Murray,RB,3,1,
2021-12-01,2021,Ryan505,535566,Ronald Jones,RB,10,3,2
2021-12-01,2021,BurrowingMule,573215,Minnesota Vikings,D/ST,6,2,2
2021-12-01,2021,Iyano1911,689370,San Francisco 49ers,D/ST,5,1,
2021-12-01,2021,JGERK,573189,Matt Prater,K,3,1,
2021-12-01,2021,JGERK,573189,Carson Wentz,QB,3,1,
2021-12-01,2021,Joles,1173483,Taysom Hill,TE,3,1,
2021-12-01,2021,levp,1030247,Daniel Carlson,K,2,1,
2021-12-01,2021,SimonMiller,1029559,Allen Robinson,WR,1,1,
2021-11-24,2021,levp,1030247,Zach Ertz,TE,23,2,2
2021-11-24,2021,BurrowingMule,573215,Laviska Shenault,WR,6,2,2
2021-11-24,2021,Joles,1173483,Matt Breida,RB,5,1,
2021-11-24,2021,JGERK,573189,Chicago Bears,D/ST,3,1,
2021-11-24,2021,Joles,1173483,Rex Burkhead,RB,3,2,1
2021-11-24,2021,SimonMiller,1029559,Tevin Coleman,RB,1,1,
2021-11-17,2021,zach_montoya,769096,Mac Jones,QB,10,1,
2021-11-17,2021,madmax101010,1029198,Tyler Conklin,TE,10,1,
2021-11-17,2021,levp,1030247,Miami Dolphins,D/ST,1,2,1
2021-11-10,2021,JGERK,573189,Jordan Howard,RB,17,2,12
2021-11-10,2021,ajg21,573289,Carson Wentz,QB,15,1,
2021-11-10,2021,madmax101010,1029198,Donovan Peoples-Jones,WR,12,2,4
2021-11-10,2021,Joles,1173483,Rhamondre Stevenson,RB,8,2,3
2021-11-10,2021,Iyano1911,689370,Devonta Freeman,RB,3,2,2
2021-11-10,2021,Joles,1173483,Eno Benjamin,RB,2,1,
2021-11-03,2021,Chance145,1173487,Jeremy McNichols,RB,40,4,18
2021-11-03,2021,madmax101010,1029198,Carlos Hyde,RB,5,2,3
2021-11-03,2021,Joles,1173483,Pat Freiermuth,TE,2,2,2
2021-10-29,2021,Chance145,1173487,David Johnson,RB,60,3,11
2021-10-27,2021,ajg21,573289,C.J. Uzomah,TE,15,1,
2021-10-27,2021,JGERK,573189,Robert Tonyan,TE,13,1,
2021-10-27,2021,levp,1030247,Kenny Gainwell,RB,11,5,10
2021-10-27,2021,Joles,1173483,Tyler Bass,K,5,1,
2021-10-27,2021,SimonMiller,1029559,Samaje Perine,RB,4,2,1
2021-10-27,2021,Iyano1911,689370,Pittsburgh Steelers,D/ST,2,1,
2021-10-27,2021,Joles,1173483,Dallas Cowboys,D/ST,1,1,
2021-10-20,2021,Joles,1173483,Devonta Freeman,RB,34,1,
2021-10-20,2021,Joles,1173483,D'Ernest Johnson,RB,30,3,10
2021-10-20,2021,levp,1030247,Mark Ingram,RB,15,1,
2021-10-20,2021,madmax101010,1029198,Tua Tagovailoa,QB,8,1,
2021-10-20,2021,BurrowingMule,573215,Chris Evans,RB,4,1,
2021-10-20,2021,Iyano1911,689370,Ryan Tannehill,QB,2,1,
2021-10-20,2021,Iyano1911,689370,Mo Alie-Cox,TE,2,1,
2021-10-20,2021,SimonMiller,1029559,Jaret Patterson,RB,1,1,
2021-10-13,2021,Iyano1911,689370,Kadarius Toney,WR,38,4,35
2021-10-13,2021,levp,1030247,Khalil Herbert,RB,7,3,7
2021-10-13,2021,BurrowingMule,573215,Amon-Ra St. Brown,WR,6,2,2
2021-10-13,2021,Iyano1911,689370,Dan Arnold,TE,2,2,2
2021-10-08,2021,ajg21,573289,Buffalo Bills,D/ST,15,2,1
2021-10-08,2021,Brotesk,1519607,Maxx Williams,TE,10,1,
2021-10-06,2021,levp,1030247,Van Jefferson,WR,15,2,5
2021-10-06,2021,Iyano1911,689370,Samaje Perine,RB,11,3,10
2021-10-06,2021,madmax101010,1029198,Jamison Crowder,WR,10,2,10
2021-10-06,2021,Iyano1911,689370,Tre'Quan Smith,WR,3,1,
2021-10-06,2021,JGERK,573189,Alex Collins,RB,1,2,1
2021-09-29,2021,madmax101010,1029198,Tyler Conklin,TE,20,1,
2021-09-29,2021,Iyano1911,689370,Dalton Schultz,TE,6,1,
2021-09-29,2021,Ryan505,535566,Terrace Marshall,WR,3,1,
2021-09-29,2021,BurrowingMule,573215,Peyton Barber,RB,3,1,
2021-09-29,2021,Ryan505,535566,New Orleans Saints,D/ST,2,1,
2021-09-29,2021,Iyano1911,689370,Rodrigo Blankenship,K,1,1,
2021-09-22,2021,BurrowingMule,573215,Cam Akers,RB,41,1,
2021-09-22,2021,JGERK,573189,Cordarrelle Patterson,RB,23,3,13
2021-09-22,2021,BurrowingMule,573215,Daniel Carlson,K,11,1,
2021-09-22,2021,Ryan505,535566,K.J. Osborn,WR,8,3,3
2021-09-22,2021,Iyano1911,689370,Tennessee Titans,D/ST,6,1,
2021-09-22,2021,madmax101010,1029198,Carolina Panthers,D/ST,5,2,1
2021-09-22,2021,Ryan505,535566,Derek Carr,QB,4,1,
2021-09-17,2021,JGERK,573189,Phillip Lindsay,RB,3,2,3
2021-09-17,2021,madmax101010,1029198,Michael Pittman,WR,10,1,
2021-09-17,2021,Joles,1173483,Tampa Bay Buccaneers,D/ST,1,1,
2021-09-15,2021,SimonMiller,1029559,Elijah Mitchell,RB,80,5,37
2021-09-15,2021,Ryan505,535566,Rob Gronkowski,TE,55,5,10
2021-09-15,2021,SimonMiller,1029559,Mark Ingram,RB,11,2,3
2021-09-15,2021,ajg21,573289,Christian Kirk,WR,5,1,
2021-09-15,2021,Ryan505,535566,Pittsburgh Steelers,D/ST,4,2,1
2021-09-15,2021,JGERK,573189,Arizona Cardinals,D/ST,3,1,
