season,teamId,team,ownerId,owner,wins,losses,ties,winPct,regRank,poWins,poLosses,pf,pa,draftPos
2009,575068,tig 'ol bitties,367149,peter17,8,5,0,0.61538464,3,1,1,1201,1134,10
2009,576148,Maguires Maniacs,367661,MManiacs,6,7,0,0.46153846,7,,2,1219,1219,6
2009,535566,Victorious Secret,347489,Ryan505,6,7,0,0.46153846,8,1,1,1246,1280,5
2009,575350,I give up.,368817,Brotesk,4,9,0,0.30769232,10,,1,1057,1254,3
2009,575216,Knights of the Squirrel Kingdom,371740,King_Octavius,4,9,0,0.30769232,11,3,,1043,1286,2
2009,573328,the chupacabras,367628,madmax101010,2,11,0,0.15384616,12,,1,1085,1379,1
2009,573679,Montgomery Biscuits,367435,MAXj0L3S,11,2,0,0.84615386,2,1,1,1526,1175,11
2009,573189,GERK,366576,JGERK,10,3,0,0.7692308,1,3,,1471,1182,12
2009,573215,Burrowing Mule,367667,BurrowingMule,9,4,0,0.6923077,5,,1,1385,1205,8
2009,573196,Sweet Caroline,367633,peterlovespenis,7,6,0,0.53846157,4,1,2,1127,1163,9
2009,573321,Jerk City Thugz,367684,onionRANG,7,6,0,0.53846157,6,,1,1131,1166,7
2009,573289,...,366289,ajg21,4,9,0,0.30769232,9,2,1,1261,1309,4
2010,535566,I've fallen and I can't get up!,347489,Ryan505,10,3,0,0.7692308,3,1,1,1370,1093,10
2010,575068,Check dis tight end,367149,peter17,7,6,0,0.53846157,4,1,2,1213,1137,9
2010,689370,THE WINNERS,386304,Iyano1911,6,7,0,0.46153846,9,,1,1106,1103,4
2010,573189,GERK,366576,JGERK,4,9,0,0.30769232,10,,1,1053,1386,3
2010,575350,"Yeh we brothas, so what?",368817,Brotesk,4,9,0,0.30769232,11,2,1,930,1125,2
2010,689369,Sweet Caroline's Cooter,386750,Kelan,1,12,0,0.07692308,12,,1,730,1226,1
2010,573215,Burrowing Mule,367667,BurrowingMule,12,1,0,0.9230769,1,2,,1578,1123,12
2010,573289,The Soup Kitchen,366289,ajg21,9,4,0,0.6923077,2,2,1,1293,1148,11
2010,573196,Sweet Caroline,367633,peterlovespenis,7,6,0,0.53846157,5,,1,1209,1259,8
2010,573679,Montgomery Biscuits,367435,MAXj0L3S,6,7,0,0.46153846,6,1,1,1369,1279,7
2010,573321,Jerk City Thugz,367684,onionRANG,6,7,0,0.46153846,7,2,,1229,1258,6
2010,689373,My knife doesnt call 911,386852,FattaBra,6,7,0,0.46153846,8,1,2,1205,1148,5
2011,573189,GERK,366576,JGERK,10,3,0,0.7692308,4,,2,1415,1156,7
2011,689370,Team Rocket,386304,Iyano1911,9,4,0,0.6923077,3,2,1,1326,1272,8
2011,535566,Victorious Secret,347489,Ryan505,9,4,0,0.6923077,1,3,,1491,1299,10
2011,573321,Jerk City Thugz,367684,onionRANG,7,6,0,0.53846157,5,,1,1218,1337,6
2011,575068,Check dis tight end,475266,levp,4,9,0,0.30769232,8,2,,1076,1206,3
2011,573215,Burrowing Mule,367667,BurrowingMule,10,3,0,0.7692308,2,1,1,1296,1070,9
2011,769094,Oh snap is dat a HIPPO?!?!?!,386091,Chance145,5,8,0,0.3846154,6,,1,1133,1218,5
2011,769096,Grade-A Sh!t Heads,367628,madmax101010,5,8,0,0.3846154,7,1,1,1245,1252,4
2011,573679,Fantasy Football Team,367435,MAXj0L3S,3,10,0,0.23076923,9,1,1,1003,1216,2
2011,573289,The Soup Kitchen,366289,ajg21,3,10,0,0.23076923,10,,2,1141,1318,1
2012,573189,GERK,366576,JGERK,11,2,0,0.84615386,1,2,,1317,1107,8
2012,689370,It's too easy,386304,Iyano1911,8,5,0,0.61538464,5,,1,1324,1224,4
2012,535566,Nigga Hood Bride,347489,Ryan505,6,7,0,0.46153846,3,2,1,1314,1323,6
2012,575068,Cox N Dix,368817,Brotesk,4,9,0,0.30769232,8,,,1280,1394,1
2012,573679,Fantasy Football Team,367435,MAXj0L3S,6,7,0,0.46153846,2,1,1,1251,1357,7
2012,573215,Burrowing Mule,367667,BurrowingMule,6,7,0,0.46153846,6,,1,1353,1260,3
2012,769096,Team Braaten,549780,rickbraaten,6,7,0,0.46153846,4,1,2,1187,1168,5
2012,573289,The Soup Kitchen,366289,ajg21,5,8,0,0.3846154,7,,,1287,1480,2
2013,575068,Capital Punishment,368817,Brotesk,7,6,0,0.53846157,4,,2,1224,1226,7
2013,573189,GERK,366576,JGERK,6,7,0,0.46153846,1,3,,1361,1376,10
2013,535566,Cabernet Sauvignon,347489,Ryan505,6,7,0,0.46153846,7,1,1,1230,1290,4
2013,1029198,Futbol?,367628,madmax101010,4,9,0,0.30769232,8,1,1,1281,1325,3
2013,689370,Ehuehuehue,386304,Iyano1911,3,10,0,0.23076923,10,,2,1131,1281,1
2013,769096,Gronk Demands surgery,549780,rickbraaten,10,3,0,0.7692308,2,1,1,1428,1261,9
2013,1030247,The Dufflebaggers,475266,levp,9,4,0,0.6923077,5,,1,1404,1162,6
2013,573215,Burrowing Mule,367667,BurrowingMule,8,5,0,0.61538464,3,2,1,1304,1248,8
2013,1029559,Gerk Off and Go to bed,587079,SimonMiller,8,5,0,0.61538464,6,,1,1328,1280,5
2013,573289,The Soup Kitchen,366289,ajg21,4,9,0,0.30769232,9,2,,1108,1350,2
2014,535566,Cabernet Sauvignon,347489,Ryan505,10,3,0,0.7692308,2,1,1,1369,1204,9
2014,1029198,Futbol?,367628,madmax101010,9,4,0,0.6923077,5,,1,1361,1158,6
2014,689370,Ehuehuehue,386304,Iyano1911,7,6,0,0.53846157,4,1,2,1271,1216,7
2014,573189,GERK,366576,JGERK,6,7,0,0.46153846,6,,1,1194,1334,5
2014,575068,Capital Punishment,368817,Brotesk,4,9,0,0.30769232,9,1,1,1159,1365,2
2014,573215,Burrowing Mule,367667,BurrowingMule,10,3,0,0.7692308,1,2,,1537,1150,10
2014,1030247,The Dufflebaggers,475266,levp,6,7,0,0.46153846,3,2,1,1174,1253,8
2014,1029559,Gerk Off and Go to bed,587079,SimonMiller,5,8,0,0.3846154,7,1,1,1256,1342,4
2014,769096,Gronk Demands a trade,549780,rickbraaten,5,8,0,0.3846154,8,2,,1216,1240,3
2014,573289,Three White Guyz Better than Yao?,366289,ajg21,3,10,0,0.23076923,10,,2,1082,1357,1
2015,1173483,Montgomery Biscuits,728172,Joles,12,1,0,0.9230769,1,2,,1440,1201,12
2015,535566,King of Vegas,347489,Ryan505,8,5,0,0.61538464,2,2,1,1278,1147,11
2015,689370,PeePee Breath,386304,Iyano1911,8,5,0,0.61538464,4,1,2,1143,1052,9
2015,1029198,Futbol?,367628,madmax101010,6,7,0,0.46153846,6,,1,1217,1166,7
2015,575068,Capital Punishment,368817,Brotesk,5,8,0,0.3846154,10,,1,1109,1210,3
2015,573189,GERK,366576,JGERK,3,10,0,0.23076923,12,,1,1128,1349,1
2015,1029559,Gerk Off and Go to bed,587079,SimonMiller,9,4,0,0.6923077,3,1,1,1440,1180,10
2015,573215,Burrowing Mule,367667,BurrowingMule,8,5,0,0.61538464,5,,1,1229,1129,8
2015,1030247,The Dufflebaggers,475266,levp,5,8,0,0.3846154,7,1,1,1075,1247,6
2015,573289,This guy exists,366289,ajg21,5,8,0,0.3846154,8,2,,1132,1257,5
2015,769096,Gronk Demands Blood,549780,rickbraaten,5,8,0,0.3846154,9,1,2,1177,1347,4
2015,1173487,Deez Nuts,386091,Chance145,4,9,0,0.30769232,11,2,1,1127,1210,2
2016,573189,GERK,366576,JGERK,7,6,0,0.53846157,2,1,1,1337.55,1337.9,11
2016,1029198,Futbol?,367628,madmax101010,6,7,0,0.46153846,6,,1,1331.45,1419.85,7
2016,535566,The Night Terrors,347489,Ryan505,6,7,0,0.46153846,8,2,,1263.2,1272.55,5
2016,1173483,Montgomery Biscuits,728172,Joles,6,7,0,0.46153846,9,2,1,1257.1,1289,4
2016,689370,Slippery,386304,Iyano1911,4,9,0,0.30769232,11,,1,1286.05,1403.2,2
2016,575068,Capital Punishment,368817,Brotesk,4,9,0,0.30769232,12,,1,1177.45,1318.9,1
2016,769096,Gronk Demands Blood,549780,rickbraaten,10,3,0,0.7692308,3,1,1,1458.45,1194.8,10
2016,573215,Burrowing Mule,367667,BurrowingMule,10,3,0,0.7692308,4,1,2,1407.8,1296.1,9
2016,573289,Dobbins,366289,ajg21,8,5,0,0.61538464,1,3,,1363.7,1291.8,12
2016,1173487,Deez Nuts,386091,Chance145,7,6,0,0.53846157,5,,1,1270.85,1273.05,8
2016,1029559,Gerk Off and Go to bed,587079,SimonMiller,6,7,0,0.46153846,7,1,1,1343,1284.6,6
2016,1030247,The Dufflebaggers,475266,levp,4,9,0,0.30769232,10,1,2,1243.15,1358,3
2017,1173487,Deez Nuts,386091,Chance145,10,3,0,0.7692308,3,1,1,1282.65,1108.65,10
2017,769096,Fuuuuuuuuuuuuck,549780,rickbraaten,8,5,0,0.61538464,2,2,1,1239.5,1107.9,11
2017,1029198,Melvin and the Mango Boys,367628,madmax101010,8,5,0,0.61538464,5,,1,1316.5,1226.85,8
2017,689370,Dranky,386304,Iyano1911,8,5,0,0.61538464,1,3,,1400.05,1198.3,12
2017,535566,The Night Terrors,347489,Ryan505,7,6,0,0.53846157,6,,1,1191.8,1181.45,7
2017,1030247,The Dufflebaggers,475266,levp,5,8,0,0.3846154,8,1,1,1231.55,1386.05,5
2017,573215,Burrowing Mule,367667,BurrowingMule,6,7,0,0.46153846,4,,2,1195.25,1184.7,9
2017,1029559,Valley Vikings,587079,SimonMiller,6,7,0,0.46153846,7,1,1,1149.15,1239.1,6
2017,573189,GERK,366576,JGERK,5,8,0,0.3846154,9,1,2,1228.95,1313.3,4
2017,1173483,Montgomery Biscuits,728172,Joles,5,8,0,0.3846154,10,3,,1165.35,1288.25,3
2017,573289,Dobbins,366289,ajg21,5,8,0,0.3846154,11,,1,1176.9,1245.2,2
2017,1320709,East Mississippi Community College,881053,mmiera,5,8,0,0.3846154,12,,1,1020.45,1118.35,1
2018,689370,Dranky,386304,Iyano1911,10,3,0,0.7692308,3,,2,1756.15,1549.85,10
2018,1030247,The Dufflebaggers,475266,levp,8,5,0,0.61538464,4,2,1,1758,1702.6,9
2018,535566,The Night Terrors,347489,Ryan505,7,6,0,0.53846157,5,,1,1807.4,1839.85,8
2018,1029198,Melvin and the Mango Boys,367628,madmax101010,7,6,0,0.53846157,6,,1,1764.35,1668.05,7
2018,769096,Decimal scoring sucks.,549780,rickbraaten,4,9,0,0.30769232,9,2,1,1504.8,1675.05,4
2018,1173487,Deez Nuts,386091,Chance145,4,9,0,0.30769232,10,1,2,1483.85,1708.95,3
2018,573215,Burrowing Mule,367667,BurrowingMule,10,3,0,0.7692308,2,1,1,1853.35,1670.45,11
2018,1029559,Valley Vikings,587079,SimonMiller,9,4,0,0.6923077,1,3,,1856.55,1655.5,12
2018,573189,GERK,366576,JGERK,6,7,0,0.46153846,7,2,,1745.1,1674.25,6
2018,573289,Dobbins,366289,ajg21,6,7,0,0.46153846,8,1,1,1769.35,1741.85,5
2018,1173483,Montgomery Biscuits,728172,Joles,4,9,0,0.30769232,11,,1,1464.7,1680.2,2
2018,1320709,East Mississippi Community College,881053,mmiera,3,10,0,0.23076923,12,,1,1479.85,1676.85,1
2019,1029198,Melvin and the Mango Boys,367628,madmax101010,11,2,0,0.84615386,2,1,1,1815.5,1482.1,11
2019,769096,Decimal scoring sucks.,549780,rickbraaten,8,5,0,0.61538464,3,,1,1599,1526.5,10
2019,1173487,Tha Rapper,386091,Chance145,7,6,0,0.53846157,4,,1,1635.1,1639.65,9
2019,535566,The Night Terrors,347489,Ryan505,7,6,0,0.53846157,5,2,1,1619.85,1500.6,8
2019,689370,Cranky,386304,Iyano1911,6,7,0,0.46153846,7,,2,1626.6,1727.95,6
2019,1030247,The Dufflebaggers,475266,levp,4,9,0,0.30769232,12,,1,1413.65,1681.65,1
2019,573189,GERK,366576,JGERK,7,6,0,0.53846157,1,2,,1753.85,1671.55,12
2019,573215,Burrowing Mule,367667,BurrowingMule,6,7,0,0.46153846,6,1,2,1730.85,1705.45,7
2019,1173483,The Heynckes,728172,Joles,6,7,0,0.46153846,8,2,,1580.1,1605.1,5
2019,1029559,Gerk off and go to bed,587079,SimonMiller,6,7,0,0.46153846,9,2,1,1485.6,1554.55,4
2019,1519607,My Ball Zach Ertz,368817,Brotesk,5,8,0,0.3846154,10,2,1,1723.25,1673.05,3
2019,573289,Dobbins,366289,ajg21,5,8,0,0.3846154,11,,1,1508.15,1723.35,2
2020,573215,Burrowing Mule,367667,BurrowingMule,9,4,0,0.6923077,2,1,1,1761.75,1555.15,11
2020,1173487,Tha Rapper,386091,Chance145,8,5,0,0.61538464,3,1,1,1765.8,1619.05,10
2020,535566,The Oopsy Poopsies,347489,Ryan505,8,5,0,0.61538464,4,,1,1654.45,1470.25,9
2020,769096,Mr. Kim's Kans,1312859,zach_montoya,8,5,0,0.61538464,5,1,2,1652.4,1664,8
2020,1173483,Montgomery Biscuits,728172,Joles,7,6,0,0.53846157,6,,1,1715.05,1581.65,7
2020,1029559,Mattress Firm,587079,SimonMiller,7,6,0,0.53846157,1,3,,1686.5,1699.65,12
2020,689370,Thanky,386304,Iyano1911,7,6,0,0.53846157,7,1,1,1612.25,1575,6
2020,1029198,Melvin and the Mango Boys,367628,madmax101010,6,7,0,0.46153846,8,,2,1540.65,1635.7,5
2020,573289,Dobbins,366289,ajg21,5,8,0,0.3846154,9,3,,1581.35,1642,4
2020,1030247,The Dufflebaggers,475266,levp,5,8,0,0.3846154,10,2,1,1544.6,1696.55,3
2020,1519607,My Ball Zach Ertz,368817,Brotesk,5,8,0,0.3846154,11,,1,1487.05,1704.95,2
2020,573189,GERK,366576,JGERK,3,10,0,0.23076923,12,,1,1659.2,1817.1,1
2021,1519607,Slop Bucket,368817,Brotesk,10,4,0,0.71428573,3,,2,1941,1690.75,10
2021,1029559,cRiTiCaL tHiNkErS,587079,SimonMiller,9,5,0,0.64285713,4,1,1,1889.45,1650.5,9
2021,769096,Mr. Kim's Kans,1312859,zach_montoya,9,5,0,0.64285713,5,,1,1803.7,1736.85,8
2021,535566,The Oopsy Poopsies,347489,Ryan505,8,6,0,0.5714286,2,2,1,1945,1788.25,11
2021,573189,GERK,366576,JGERK,8,6,0,0.5714286,6,,1,1925.5,1813.4,7
2021,1029198,Gesicki Gnar Gnar. AMARIte??,367628,madmax101010,8,6,0,0.5714286,1,3,,1880.15,1803.9,12
2021,1030247,Bosque Bruisers,475266,levp,8,6,0,0.5714286,7,,2,1624.25,1621.5,6
2021,689370,CRANKY,386304,Iyano1911,6,8,0,0.42857143,8,2,,1845.35,1973.85,5
2021,573289,Dobbins,366289,ajg21,6,8,0,0.42857143,9,,1,1561.65,1627.8,4
2021,1173483,Binghampton Rumble Ponies,728172,Joles,5,9,0,0.35714287,10,2,1,1620.55,1725.45,3
2021,1173487,The Poopsy Oopsies,386091,Chance145,4,10,0,0.2857143,11,,1,1402.9,1792.85,2
2021,573215,Team Mud Butt,367667,BurrowingMule,3,11,0,0.21428572,12,2,1,1598.35,1812.75,1
2022,769096,Mr. Kim's Kans,1312859,zach_montoya,11,3,0,0.78571427,1,2,,1798.3,1740.15,12
2022,1173483,Binghampton Rumble Ponies,728172,Joles,10,4,0,0.71428573,2,1,1,1877.2,1648.25,11
2022,573215,Burrowing Mule,367667,BurrowingMule,9,5,0,0.64285713,3,1,2,1803.55,1747.1,10
2022,1030247,Bosque Bruisers,475266,levp,8,6,0,0.5714286,4,2,1,1824.6,1685.45,9
2022,535566,Burrowing SnoopDobbyDobb,347489,Ryan505,7,7,0,0.5,5,,1,1815.85,1721.55,8
2022,573189,GERK,366576,JGERK,7,7,0,0.5,6,,1,1804.6,1752.5,7
2022,1029559,cRiTicaL ThInKErs,587079,SimonMiller,7,7,0,0.5,7,1,1,1668.7,1771.45,6
2022,689370,CRANKY,386304,Iyano1911,7,7,0,0.5,8,,2,1662.75,1606.5,5
2022,1173487,Chance Tha Rapper,386091,Chance145,6,8,0,0.42857143,9,3,,1672.65,1813.35,4
2022,573289,Dobbins,366289,ajg21,5,9,0,0.35714287,10,2,1,1659.25,1703.4,3
2022,1029198,Gesicki Gnar Gnar. AMARIte??,367628,madmax101010,4,10,0,0.2857143,11,,1,1520.95,1679.2,2
2022,1519607,JERK Mate,368817,Brotesk,3,11,0,0.21428572,12,,1,1504.4,1743.9,1
2023,573215,Burrowing Mule,367667,BurrowingMule,9,5,0,0.64285713,3,1,1,2108.2,1752.95,10
2023,535566,Growney's Brownies,347489,Ryan505,9,5,0,0.64285713,2,1,1,1827.9,1585.6,11
2023,1029559,The CupCakes,587079,SimonMiller,8,6,0,0.5714286,4,,1,1902.7,1790.3,9
2023,1173487,Chance Tha Rapper,386091,Chance145,8,6,0,0.5714286,1,3,,1799.85,1737.05,12
2023,1173483,Binghampton Rumble Ponies,728172,Joles,8,6,0,0.5714286,5,,1,1776.25,1671.35,8
2023,689370,CRANKY,386304,Iyano1911,8,6,0,0.5714286,6,1,2,1722.85,1681.5,7
2023,1029198,Bijannaise,367628,madmax101010,8,6,0,0.5714286,7,1,1,1694,1674.15,6
2023,573189,GERK,366576,JGERK,7,7,0,0.5,8,2,,1890.45,1887.4,5
2023,769096,Mr. Kim's Kans,1312859,zach_montoya,7,7,0,0.5,9,,1,1656.9,1808.45,4
2023,1030247,Bosque Bruisers,475266,levp,5,9,0,0.35714287,10,1,2,1605.75,1767.95,3
2023,573289,Dobbins,366289,ajg21,4,10,0,0.2857143,11,,1,1435.55,1851.35,2
2023,1519607,JERK Mate,368817,Brotesk,3,11,0,0.21428572,12,2,1,1569.9,1782.25,1
2024,535566,Growney's Brownies,347489,Ryan505,11,3,0,0.78571427,2,1,1,2080.85,1677.4,11
2024,1029559,cRitICaL tHiNkeRs,587079,SimonMiller,9,5,0,0.64285713,3,1,1,1860.95,1727.5,10
2024,769096,Mr. Kim's Kans,1312859,zach_montoya,9,5,0,0.64285713,4,,1,1830.15,1673.15,9
2024,1029198,Bijannaise,367628,madmax101010,9,5,0,0.64285713,1,3,,1779.75,1630.8,12
2024,573215,Burrowing Mule,367667,BurrowingMule,8,6,0,0.5714286,6,,1,1693.35,1629.85,7
2024,1173483,Binghampton Rumble Ponies,728172,Joles,8,6,0,0.5714286,5,1,2,1690.45,1725.25,8
2024,689370,CRANKY,386304,Iyano1911,7,7,0,0.5,7,2,,1758.8,1812.8,6
2024,573189,GERK,366576,JGERK,6,8,0,0.42857143,8,1,1,1732.8,1739.4,5
2024,573289,Dobbins,366289,ajg21,6,8,0,0.42857143,9,2,1,1648.6,1797.75,4
2024,1173487,Chance Tha Rapper,386091,Chance145,4,10,0,0.2857143,10,1,2,1671.45,1850.95,3
2024,1030247,Burque Bluejays,475266,levp,4,10,0,0.2857143,11,,1,1540.8,1704.35,2
2024,1519607,Hillsdong Worship Group,368817,Brotesk,3,11,0,0.21428572,12,,1,1497.3,1816.05,1
2025,573289,Dobbins,366289,ajg21,10,4,0,0.71428573,2,1,1,1825,1719.95,11
2025,1029559,cRitICaL tHiNkeRs,587079,SimonMiller,10,4,0,0.71428573,1,2,,1819.45,1606.05,12
2025,1029198,Bijannaise,367628,madmax101010,9,5,0,0.64285713,3,2,1,1842.8,1732.75,10
2025,1173487,Chance Tha Rapper,386091,Chance145,7,7,0,0.5,4,,1,1782.4,1727.65,9
2025,769096,Mr. Kim's Kans,1312859,zach_montoya,7,7,0,0.5,5,1,2,1697.75,1701.3,8
2025,689370,CRANKY,386304,Iyano1911,6,8,0,0.42857143,6,,1,1795.85,1738,7
2025,573189,GERK,366576,JGERK,6,8,0,0.42857143,7,,2,1705.75,1736.35,6
2025,1173483,Binghampton Rumble Ponies,728172,Joles,6,8,0,0.42857143,8,1,1,1620.95,1700.25,5
2025,1519607,Kid Stuff,368817,Brotesk,6,8,0,0.42857143,9,,1,1593.65,1688.05,4
2025,1030247,Bosque Bruisers,475266,levp,6,8,0,0.42857143,10,,1,1554.85,1604.2,3
2025,535566,Growney's Brownies,347489,Ryan505,6,8,0,0.42857143,11,3,,1543.35,1725.45,2
2025,573215,Burrowing Mule,367667,BurrowingMule,5,9,0,0.35714287,12,2,1,1700.15,1801.95,1
