tradeId,date,season,owner,received
10092209,2025-11-16,2025,ajg21,RJ Harvey (RB); Quentin Johnston (WR)
10092209,2025-11-16,2025,levp,Justin Jefferson (WR)
9950764,2025-10-03,2025,SimonMiller,Omarion Hampton (RB)
9950764,2025-10-03,2025,Iyano1911,Kenneth Walker (RB); Deebo Samuel (WR)
9945270,2025-10-03,2025,ajg21,Marvin Harrison (WR)
9945270,2025-10-03,2025,levp,RJ Harvey (RB)
9911560,2025-09-24,2025,BurrowingMule,Baker Mayfield (QB); Joe Mixon (RB); Brian Thomas (WR)
9911560,2025-09-24,2025,Joles,Zach Charbonnet (RB); A.J. Brown (WR)
9883810,2025-09-16,2025,JGERK,Josh Jacobs (RB); Emeka Egbuka (WR)
9883810,2025-09-16,2025,SimonMiller,Bijan Robinson (RB)
9840285,2025-08-29,2025,JGERK,Jerome Ford (RB)
9840285,2025-08-29,2025,Joles,Drake Maye (QB)
9814590,2025-08-20,2025,SimonMiller,David Montgomery (RB); Emeka Egbuka (WR)
9814590,2025-08-20,2025,Joles,Calvin Ridley (WR)
9507214,2024-11-18,2024,Ryan505,Amon-Ra St. Brown (WR); Jakobi Meyers (WR)
9507214,2024-11-18,2024,SimonMiller,Chase Brown (RB); Ladd McConkey (WR)
9497909,2024-11-14,2024,BurrowingMule,Breece Hall (RB)
9497909,2024-11-14,2024,Chance145,Isiah Pacheco (RB); T.J. Hockenson (TE)
9436032,2024-10-29,2024,levp,Sam LaPorta (TE)
9436032,2024-10-29,2024,Joles,Travis Etienne (RB)
9389633,2024-10-17,2024,madmax101010,Rico Dowdle (RB); Tee Higgins (WR)
9389633,2024-10-17,2024,Joles,Brian Thomas (WR)
9358817,2024-10-09,2024,Joles,Nico Collins (WR)
9358817,2024-10-09,2024,Chance145,Wan'Dale Robinson (WR); Jaylen Waddle (WR)
9358752,2024-10-09,2024,BurrowingMule,Tank Dell (WR)
9358752,2024-10-09,2024,Joles,Tucker Kraft (TE)
9331754,2024-10-03,2024,BurrowingMule,Travis Kelce (TE)
9331754,2024-10-03,2024,Brotesk,Chuba Hubbard (RB); Jonathon Brooks (RB)
9324569,2024-10-01,2024,Joles,Brandon Aiyuk (WR)
9324569,2024-10-01,2024,Chance145,Justin Fields (QB); Jordan Addison (WR)
9304104,2024-09-25,2024,SimonMiller,Jayden Daniels (QB)
9304104,2024-09-25,2024,Joles,Jordan Mason (RB)
9291542,2024-09-21,2024,zach_montoya,Zach Charbonnet (RB); Braelon Allen (RB)
9291542,2024-09-21,2024,SimonMiller,J.K. Dobbins (RB); Pittsburgh Steelers (D/ST)
9288628,2024-09-20,2024,Joles,Chris Olave (WR)
9288628,2024-09-20,2024,Iyano1911,Rhamondre Stevenson (RB)
9261114,2024-09-13,2024,zach_montoya,Zay Flowers (WR)
9261114,2024-09-13,2024,levp,Jerome Ford (RB)
9215571,2024-09-03,2024,JGERK,Trey Benson (RB); Xavier Worthy (WR)
9215571,2024-09-03,2024,BurrowingMule,David Montgomery (RB)
8833431,2023-11-18,2023,SimonMiller,Deebo Samuel (WR)
8833431,2023-11-18,2023,Chance145,Brian Robinson (RB); Michael Pittman (WR)
8830139,2023-11-17,2023,SimonMiller,De'Von Achane (RB); DeVonta Smith (WR)
8830139,2023-11-17,2023,Chance145,A.J. Brown (WR)
8749283,2023-10-30,2023,SimonMiller,Aaron Jones (RB)
8749283,2023-10-30,2023,Joles,Kyren Williams (RB)
8696486,2023-10-18,2023,SimonMiller,Brian Robinson (RB)
8696486,2023-10-18,2023,Chance145,De'Von Achane (RB)
8674360,2023-10-12,2023,BurrowingMule,Saquon Barkley (RB); Justice Hill (RB)
8674360,2023-10-12,2023,SimonMiller,Kyren Williams (RB); Rico Dowdle (RB); Michael Pittman (WR)
8671963,2023-10-12,2023,SimonMiller,De'Von Achane (RB)
8671963,2023-10-12,2023,Joles,Rhamondre Stevenson (RB)
8652682,2023-10-08,2023,levp,D'Andre Swift (RB); Christian Watson (WR)
8652682,2023-10-08,2023,Iyano1911,Trevor Lawrence (QB); Najee Harris (RB); Chris Olave (WR)
8651116,2023-10-08,2023,SimonMiller,Rhamondre Stevenson (RB); Amari Cooper (WR)
8651116,2023-10-08,2023,Joles,De'Von Achane (RB); Michael Thomas (WR)
8634849,2023-10-04,2023,Ryan505,Dallas Cowboys (D/ST)
8634849,2023-10-04,2023,SimonMiller,Joshua Palmer (WR)
8572359,2023-09-20,2023,BurrowingMule,Gabe Davis (WR)
8572359,2023-09-20,2023,levp,Cam Akers (RB); Joshua Kelley (RB)
8526941,2023-09-09,2023,madmax101010,Stefon Diggs (WR)
8526941,2023-09-09,2023,SimonMiller,A.J. Brown (WR)
8523256,2023-09-08,2023,ajg21,Kirk Cousins (QB); Samaje Perine (RB)
8523256,2023-09-08,2023,levp,Trevor Lawrence (QB)
8508325,2023-09-03,2023,madmax101010,Joe Mixon (RB); Kadarius Toney (WR)
8508325,2023-09-03,2023,SimonMiller,Zach Charbonnet (RB); DK Metcalf (WR)
8497194,2023-09-01,2023,BurrowingMule,Ja'Marr Chase (WR)
8497194,2023-09-01,2023,Brotesk,Alexander Mattison (RB); Dalvin Cook (RB); DeAndre Hopkins (WR)
8479049,2023-08-25,2023,madmax101010,A.J. Brown (WR); Greg Dulcich (TE)
8479049,2023-08-25,2023,levp,Miles Sanders (RB); Terry McLaurin (WR)
8474119,2023-08-23,2023,BurrowingMule,Jalen Hurts (QB)
8474119,2023-08-23,2023,SimonMiller,Lamar Jackson (QB); Michael Thomas (WR)
8459495,2023-08-18,2023,SimonMiller,Saquon Barkley (RB)
8459495,2023-08-18,2023,Joles,Travis Etienne (RB); Chris Godwin (WR)
8417336,2023-08-01,2023,SimonMiller,Stefon Diggs (WR); Chris Godwin (WR)
8417336,2023-08-01,2023,Chance145,Javonte Williams (RB); Deebo Samuel (WR); Mike Evans (WR); Dallas Goedert (TE)
8023145,2022-11-17,2022,SimonMiller,Diontae Johnson (WR)
8023145,2022-11-17,2022,Chance145,Ezekiel Elliott (RB)
8022715,2022-11-17,2022,Ryan505,Michael Gallup (WR)
8022715,2022-11-17,2022,BurrowingMule,Cooper Kupp (WR)
7996478,2022-11-13,2022,Chance145,Trevor Lawrence (QB)
7996478,2022-11-13,2022,Iyano1911,Daniel Jones (QB)
7943119,2022-11-02,2022,SimonMiller,AJ Dillon (RB); Damien Harris (RB)
7943119,2022-11-02,2022,Joles,Kyren Williams (RB); Khalil Herbert (RB)
7893007,2022-10-25,2022,SimonMiller,Rhamondre Stevenson (RB); Mike Evans (WR)
7893007,2022-10-25,2022,Joles,Derrick Henry (RB)
7870805,2022-10-21,2022,madmax101010,Breece Hall (RB); Najee Harris (RB); Nyheim Miller-Hines (RB); Michael Pittman (WR)
7870805,2022-10-21,2022,SimonMiller,Derrick Henry (RB); Khalil Herbert (RB); Ezekiel Elliott (RB); Rashod Bateman (WR)
7868737,2022-10-20,2022,Ryan505,Dameon Pierce (RB)
7868737,2022-10-20,2022,SimonMiller,Aaron Jones (RB)
7813099,2022-10-10,2022,BurrowingMule,Jalen Hurts (QB); Kenneth Walker (RB); DeVonta Smith (WR)
7813099,2022-10-10,2022,Joles,Josh Allen (QB); Tee Higgins (WR)
7783797,2022-10-04,2022,SimonMiller,Allen Robinson (WR)
7783797,2022-10-04,2022,Joles,Chase Edmonds (RB)
7780689,2022-10-04,2022,ajg21,Jeff Wilson (RB); T.J. Hockenson (TE)
7780689,2022-10-04,2022,SimonMiller,Najee Harris (RB)
7750864,2022-09-28,2022,SimonMiller,Kyle Pitts (TE)
7750864,2022-09-28,2022,Iyano1911,Clyde Edwards-Helaire (RB); Chris Olave (WR)
7716131,2022-09-21,2022,madmax101010,Rashod Bateman (WR); Gerald Everett (TE)
7716131,2022-09-21,2022,SimonMiller,Michael Pittman (WR)
7686280,2022-09-14,2022,SimonMiller,Jeff Wilson (RB); Rashod Bateman (WR)
7686280,2022-09-14,2022,Joles,Kenneth Walker (RB); Terry McLaurin (WR)
7653592,2022-09-02,2022,madmax101010,Ezekiel Elliott (RB); Cole Kmet (TE)
7653592,2022-09-02,2022,SimonMiller,Dameon Pierce (RB); Chris Olave (WR); T.J. Hockenson (TE)
7642759,2022-08-30,2022,SimonMiller,Kenneth Walker (RB); Chase Edmonds (RB)
7642759,2022-08-30,2022,Joles,AJ Dillon (RB)
7622005,2022-08-25,2022,SimonMiller,Breece Hall (RB); Clyde Edwards-Helaire (RB); Terry McLaurin (WR)
7622005,2022-08-25,2022,Chance145,D'Andre Swift (RB); Elijah Moore (WR)
7615975,2022-08-23,2022,Ryan505,Leonard Fournette (RB); R8
7615975,2022-08-23,2022,Brotesk,R5
7613624,2022-08-22,2022,SimonMiller,AJ Dillon (RB); R6
7613624,2022-08-22,2022,Joles,R5
7607101,2022-08-21,2022,BurrowingMule,R9
7607101,2022-08-21,2022,zach_montoya,Allen Lazard (WR)
7606394,2022-08-20,2022,levp,Amon-Ra St. Brown (WR); R9
7606394,2022-08-20,2022,Joles,R8
7134688,2021-11-20,2021,madmax101010,Travis Kelce (TE); R7
7134688,2021-11-20,2021,levp,Emmanuel Sanders (WR); R3
7122885,2021-11-22,2021,madmax101010,Antonio Gibson (RB); Jaylen Waddle (WR)
7122885,2021-11-22,2021,Joles,Travis Etienne (RB)
7115095,2021-11-16,2021,SimonMiller,Stefon Diggs (WR); R3
7115095,2021-11-16,2021,Joles,Tee Higgins (WR); R2
7105772,2021-11-13,2021,SimonMiller,T.J. Hockenson (TE); R12
7105772,2021-11-13,2021,levp,J.D. McKissic (RB); R10
7103894,2021-11-12,2021,madmax101010,Travis Etienne (RB); Joe Mixon (RB); R4
7103894,2021-11-12,2021,SimonMiller,Michael Carter (RB); R2
7100177,2021-11-11,2021,madmax101010,Emmanuel Sanders (WR); R7
7100177,2021-11-11,2021,Joles,R6
7095266,2021-11-11,2021,BurrowingMule,Kareem Hunt (RB); Mark Ingram (RB); R2
7095266,2021-11-11,2021,levp,Michael Thomas (WR); Travis Kelce (TE); R6
7089502,2021-11-10,2021,BurrowingMule,Damien Harris (RB); Jamison Crowder (WR); R3
7089502,2021-11-10,2021,madmax101010,Austin Ekeler (RB); R7
7087505,2021-11-09,2021,SimonMiller,Calvin Ridley (WR); R8
7087505,2021-11-09,2021,Joles,R7
7087395,2021-11-09,2021,Ryan505,Adam Thielen (WR); R11
7087395,2021-11-09,2021,Joles,R6
7087235,2021-11-09,2021,SimonMiller,Joe Mixon (RB); R10
7087235,2021-11-09,2021,Joles,AJ Dillon (RB); R4
7087142,2021-11-09,2021,levp,Nick Chubb (RB); R4
7087142,2021-11-09,2021,Joles,Stefon Diggs (WR); R3
7067777,2021-11-04,2021,BurrowingMule,Javonte Williams (RB); R2
7067777,2021-11-04,2021,zach_montoya,Christian McCaffrey (RB); Chuba Hubbard (RB); R6
7063254,2021-11-03,2021,SimonMiller,Adrian Peterson (RB); R5
7063254,2021-11-03,2021,Iyano1911,Miles Sanders (RB); R4
7040839,2021-10-30,2021,madmax101010,D'Ernest Johnson (RB)
7040839,2021-10-30,2021,Joles,Robbie Chosen (WR)
7030853,2021-10-28,2021,madmax101010,Robert Woods (WR); R6
7030853,2021-10-28,2021,SimonMiller,R4
7030699,2021-10-28,2021,Ryan505,D'Andre Swift (RB); R5
7030699,2021-10-28,2021,madmax101010,Damien Harris (RB); R3
7027035,2021-10-27,2021,SimonMiller,Najee Harris (RB); Tee Higgins (WR); R7
7027035,2021-10-27,2021,Joles,Joe Mixon (RB); Calvin Ridley (WR); R5
6996538,2021-10-21,2021,SimonMiller,J.D. McKissic (RB); Robert Woods (WR); R7
6996538,2021-10-21,2021,Chance145,Corey Davis (WR); R3
6969774,2021-10-15,2021,SimonMiller,AJ Dillon (RB); R5
6969774,2021-10-15,2021,Chance145,J.K. Dobbins (RB); R7
6968688,2021-10-15,2021,SimonMiller,Joe Mixon (RB)
6968688,2021-10-15,2021,Joles,Nick Chubb (RB)
6946721,2021-10-12,2021,SimonMiller,R5
6946721,2021-10-12,2021,Joles,Dawson Knox (TE); R8
6943592,2021-10-11,2021,BurrowingMule,R4
6943592,2021-10-11,2021,zach_montoya,Darrel Williams (RB); Hunter Renfrow (WR); R9
6932223,2021-10-08,2021,BurrowingMule,Chuba Hubbard (RB); R6
6932223,2021-10-08,2021,Iyano1911,Tony Jones (RB); R5
6927399,2021-10-07,2021,SimonMiller,Miles Sanders (RB); Dawson Knox (TE)
6927399,2021-10-07,2021,Chance145,Jerry Jeudy (WR); R4
6922297,2021-10-07,2021,SimonMiller,Keenan Allen (WR); R4
6922297,2021-10-07,2021,levp,Kareem Hunt (RB); Chase Claypool (WR); R8
6918414,2021-10-06,2021,SimonMiller,Samaje Perine (RB); R10
6918414,2021-10-06,2021,Iyano1911,R9
6917308,2021-10-06,2021,SimonMiller,Darrell Henderson (RB); Calvin Ridley (WR)
6917308,2021-10-06,2021,Joles,Najee Harris (RB); Adam Thielen (WR)
6906781,2021-10-04,2021,SimonMiller,CeeDee Lamb (WR); R10
6906781,2021-10-04,2021,Joles,Tee Higgins (WR); R3
6882183,2021-09-29,2021,zach_montoya,Javonte Williams (RB)
6882183,2021-09-29,2021,SimonMiller,R3
6880343,2021-09-28,2021,madmax101010,D'Andre Swift (RB); Jamaal Williams (RB); Brandon Aiyuk (WR)
6880343,2021-09-28,2021,SimonMiller,Kareem Hunt (RB); Nick Chubb (RB)
6866780,2021-09-25,2021,madmax101010,Michael Carter (RB)
6866780,2021-09-25,2021,SimonMiller,Travis Etienne (RB)
6852357,2021-09-22,2021,SimonMiller,Jamaal Williams (RB); Tee Higgins (WR); Chase Claypool (WR)
6852357,2021-09-22,2021,Joles,Trey Sermon (RB); CeeDee Lamb (WR)
6850604,2021-09-22,2021,Ryan505,Damien Harris (RB); Cooper Kupp (WR); R5
6850604,2021-09-22,2021,SimonMiller,D'Andre Swift (RB); Adam Thielen (WR); R4
6846622,2021-09-21,2021,SimonMiller,Najee Harris (RB); R6
6846622,2021-09-21,2021,Chance145,Myles Gaskin (RB); R2
6841171,2021-09-21,2021,Chance145,Miles Sanders (RB); R3
6841171,2021-09-21,2021,Iyano1911,Derrick Henry (RB); R9
6830354,2021-09-17,2021,SimonMiller,Kyle Pitts (TE); R7
6830354,2021-09-17,2021,Chance145,Tyler Higbee (TE); R5
6829982,2021-09-17,2021,SimonMiller,Cooper Kupp (WR); R8
6829982,2021-09-17,2021,Chance145,Robert Woods (WR); R4
6820504,2021-09-15,2021,SimonMiller,Michael Carter (RB); CeeDee Lamb (WR)
6820504,2021-09-15,2021,Iyano1911,Elijah Mitchell (RB); Terry McLaurin (WR)
6817096,2021-09-15,2021,Ryan505,Tony Pollard (RB); Jakobi Meyers (WR)
6817096,2021-09-15,2021,SimonMiller,Corey Davis (WR)
6810377,2021-09-14,2021,BurrowingMule,Travis Kelce (TE)
6810377,2021-09-14,2021,SimonMiller,Javonte Williams (RB); Tyler Higbee (TE); R4
6807704,2021-09-15,2021,JGERK,R5
6807704,2021-09-15,2021,ajg21,Melvin Gordon (RB)
6804933,2021-09-12,2021,JGERK,DeAndre Hopkins (WR); R8
6804933,2021-09-12,2021,SimonMiller,Terry McLaurin (WR); R5
6802809,2021-09-11,2021,SimonMiller,Myles Gaskin (RB); R3
6802809,2021-09-11,2021,Joles,Joe Mixon (RB); R10
6776781,2021-09-05,2021,SimonMiller,Joe Mixon (RB); Giovani Bernard (RB); Jerry Jeudy (WR)
6776781,2021-09-05,2021,Joles,Antonio Gibson (RB); Cam Akers (RB); Alexander Mattison (RB)
6776741,2021-09-05,2021,madmax101010,Kareem Hunt (RB)
6776741,2021-09-05,2021,SimonMiller,Brandon Aiyuk (WR)
6752196,2021-08-31,2021,BurrowingMule,R2
6752196,2021-08-31,2021,ajg21,Dalvin Cook (RB); R2
6727159,2021-08-25,2021,ajg21,DK Metcalf (WR); R2
6727159,2021-08-25,2021,SimonMiller,Calvin Ridley (WR); R2
6725681,2021-08-24,2021,madmax101010,R4
6725681,2021-08-24,2021,SimonMiller,D'Andre Swift (RB); R5
6715163,2021-08-22,2021,madmax101010,D'Andre Swift (RB); R5
6715163,2021-08-22,2021,SimonMiller,R4
6714936,2021-08-21,2021,SimonMiller,Antonio Gibson (RB); R2; R8; R10; R12; R8
6714936,2021-08-21,2021,Iyano1911,Alvin Kamara (RB); R2; R8; R10; R12; R7
6708683,2021-08-19,2021,SimonMiller,Alvin Kamara (RB)
6708683,2021-08-19,2021,Joles,R4
6704713,2021-08-19,2021,BurrowingMule,R8
6704713,2021-08-19,2021,levp,Keenan Allen (WR); R8
6704364,2021-08-18,2021,SimonMiller,R5; R4
6704364,2021-08-18,2021,Brotesk,Jonathan Taylor (RB); R7; R6
6682035,2021-08-11,2021,madmax101010,Josh Allen (QB); R5
6682035,2021-08-11,2021,SimonMiller,R5
6074173,2020-10-23,2020,Ryan505,Clyde Edwards-Helaire (RB)
6074173,2020-10-23,2020,SimonMiller,D'Andre Swift (RB); Tampa Bay Buccaneers (D/ST)
6019573,2020-10-15,2020,SimonMiller,JuJu Smith-Schuster (WR)
6019573,2020-10-15,2020,Joles,Cam Akers (RB); Damien Harris (RB)
6001290,2020-10-13,2020,SimonMiller,Clyde Edwards-Helaire (RB)
6001290,2020-10-13,2020,Iyano1911,Antonio Gibson (RB); R4
5965959,2020-10-06,2020,SimonMiller,Cam Akers (RB); Mark Andrews (TE)
5965959,2020-10-06,2020,levp,Todd Gurley (RB); Evan Engram (TE)
5854935,2020-09-15,2020,Ryan505,Zack Moss (RB); T.J. Hockenson (TE)
5854935,2020-09-15,2020,SimonMiller,DK Metcalf (WR)
5823672,2020-09-06,2020,SimonMiller,Miles Sanders (RB)
5823672,2020-09-06,2020,Joles,Davante Adams (WR)
5222824,2019-10-22,2019,BurrowingMule,Sterling Shepard (WR); R7
5222824,2019-10-22,2019,Iyano1911,Hunter Henry (TE)
5182176,2019-10-14,2019,Joles,Miles Sanders (RB); Chase Edmonds (RB)
5182176,2019-10-14,2019,Iyano1911,Joe Mixon (RB)
5167989,2019-10-13,2019,JGERK,Stefon Diggs (WR)
5167989,2019-10-13,2019,ajg21,DJ Moore (WR)
5058592,2019-09-19,2019,Ryan505,Josh Jacobs (RB)
5058592,2019-09-19,2019,SimonMiller,Brandin Cooks (WR); R4
5042383,2019-09-17,2019,madmax101010,Nick Chubb (RB)
5042383,2019-09-17,2019,SimonMiller,Marlon Mack (RB); R3
4985347,2019-09-05,2019,levp,Kenyan Drake (RB)
4985347,2019-09-05,2019,Iyano1911,Robert Woods (WR)
4311507,2018-09-27,2018,Joles,Aaron Jones (RB); Adrian Peterson (RB)
4311507,2018-09-27,2018,Iyano1911,Ben Roethlisberger (QB); Le'Veon Bell (RB)
4213645,2018-09-05,2018,BurrowingMule,Leonard Fournette (RB)
4213645,2018-09-05,2018,Chance145,Duke Johnson (RB); Peyton Barber (RB); Julian Edelman (WR)
4208015,2018-09-03,2018,SimonMiller,Tyreek Hill (WR)
4208015,2018-09-03,2018,Joles,Robert Woods (WR); Geronimo Allison (WR)
4207120,2018-09-03,2018,madmax101010,Jordy Nelson (WR)
4207120,2018-09-03,2018,SimonMiller,Isaiah Crowell (RB)
3842116,2017-11-09,2017,rickbraaten,Javorius Allen (RB)
3842116,2017-11-09,2017,Joles,Nelson Agholor (WR)
3817100,2017-11-03,2017,Joles,Ameer Abdullah (RB)
3817100,2017-11-03,2017,Iyano1911,Chris Hogan (WR)
3734063,2017-10-14,2017,madmax101010,Rex Burkhead (RB)
3734063,2017-10-14,2017,Iyano1911,Chris Ivory (RB)
3729947,2017-10-09,2017,madmax101010,Mike Evans (WR)
3729947,2017-10-09,2017,SimonMiller,Jay Ajayi (RB)
3693655,2017-09-27,2017,BurrowingMule,Rob Gronkowski (TE)
3693655,2017-09-27,2017,Joles,Golden Tate (WR); Chris Hogan (WR); Delanie Walker (TE)
3645011,2017-09-13,2017,BurrowingMule,David Johnson (RB)
3645011,2017-09-13,2017,Joles,LeGarrette Blount (RB)
3293564,2016-10-14,2016,madmax101010,Antonio Brown (WR)
3293564,2016-10-14,2016,SimonMiller,Lamar Miller (RB); Dez Bryant (WR)
3271152,2016-10-06,2016,BurrowingMule,Bilal Powell (RB)
3271152,2016-10-06,2016,Iyano1911,T.J. Yeldon (RB)
3248398,2016-09-29,2016,Joles,Jameis Winston (QB); Allen Robinson (WR); Jordan Reed (TE)
3248398,2016-09-29,2016,Iyano1911,Tevin Coleman (RB); Odell Beckham (WR); Dwayne Allen (TE)
3218134,2016-09-25,2016,BurrowingMule,LeSean McCoy (RB)
3218134,2016-09-25,2016,levp,Jeremy Hill (RB); Jordan Matthews (WR); Mike Wallace (WR)
3193980,2016-09-08,2016,BurrowingMule,Julian Edelman (WR)
3193980,2016-09-08,2016,Joles,Tevin Coleman (RB); Devin Funchess (WR)
3158969,2016-08-21,2016,BurrowingMule,T.J. Yeldon (RB); Martellus Bennett (TE)
3158969,2016-08-21,2016,madmax101010,Isaiah Crowell (RB); Charles Clay (TE)
2986960,2015-11-25,2015,Ryan505,Jeremy Langford (RB); Greg Olsen (TE)
2986960,2015-11-25,2015,BurrowingMule,Frank Gore (RB); Karlos Williams (RB)
2823837,2015-10-04,2015,BurrowingMule,LeSean McCoy (RB); Greg Olsen (TE)
2823837,2015-10-04,2015,madmax101010,Dion Lewis (RB); Jordan Matthews (WR); Eric Ebron (TE)
2579275,2014-11-25,2014,BurrowingMule,Jimmy Graham (TE)
2579275,2014-11-25,2014,?,Jeremy Hill (RB); Mike Evans (WR); Roddy White (WR); Travis Kelce (TE)
2490978,2014-10-22,2014,BurrowingMule,Drew Brees (QB); Brandon Marshall (WR)
2490978,2014-10-22,2014,madmax101010,Peyton Manning (QB); Justin Forsett (RB); Malcom Floyd (WR)
2415478,2014-09-30,2014,BurrowingMule,LeSean McCoy (RB)
2415478,2014-09-30,2014,madmax101010,Ahmad Bradshaw (RB); Jeremy Maclin (WR); Kelvin Benjamin (WR)
2177663,2013-11-13,2013,BurrowingMule,Matthew Stafford (QB)
2177663,2013-11-13,2013,Iyano1911,Chris Johnson (RB); Ben Tate (RB); Keenan Allen (WR)
2103112,2013-10-22,2013,Ryan505,Frank Gore (RB)
2103112,2013-10-22,2013,madmax101010,DeSean Jackson (WR)
1707278,2012-10-14,2012,BurrowingMule,Ray Rice (RB); Tony Moeaki (TE)
1707278,2012-10-14,2012,Iyano1911,Stevan Ridley (RB); Alfred Morris (RB); Owen Daniels (TE)
1547952,2012-08-25,2012,BurrowingMule,Matt Ryan (QB)
1547952,2012-08-25,2012,rickbraaten,Tony Romo (QB)
1228705,2011-09-14,2011,BurrowingMule,Reggie Bush (RB); Ben Tate (RB)
1228705,2011-09-14,2011,?,LeGarrette Blount (RB)
1228691,2011-09-14,2011,?,Michael Vick (QB); Darren Sproles (RB)
1228691,2011-09-14,2011,?,Peyton Hillis (RB); Mike Williams (WR)
1228635,2011-09-14,2011,Ryan505,Jahvid Best (RB)
1228635,2011-09-14,2011,?,Shonn Greene (RB); Mark Ingram (RB)
1124289,2010-12-01,2010,?,Knowshon Moreno (RB)
1124289,2010-12-01,2010,?,BenJarvus Green-Ellis (RB); Brandon Marshall (WR)
1065077,2010-11-02,2010,?,Andre Johnson (WR)
1065077,2010-11-02,2010,?,Vernon Davis (TE)
1062828,2010-11-07,2010,JGERK,Beanie Wells (RB)
1062828,2010-11-07,2010,?,C.J. Spiller (RB); Brandon Jacobs (RB)
1000387,2010-10-14,2010,BurrowingMule,Dallas Clark (TE)
1000387,2010-10-14,2010,?,Malcom Floyd (WR); Dustin Keller (TE)
977408,2010-10-06,2010,?,Steve Smith (WR)
977408,2010-10-06,2010,?,Mike Wallace (WR)
953984,2010-10-07,2010,?,Maurice Jones-Drew (RB)
953984,2010-10-07,2010,?,Jahvid Best (RB); Brandon Marshall (WR)
813626,2009-12-11,2009,?,Ricky Williams (RB)
813626,2009-12-11,2009,?,Matt Forte (RB); Mario Manningham (WR)
812693,2009-12-11,2009,BurrowingMule,Sidney Rice (WR); Antonio Gates (TE)
812693,2009-12-11,2009,?,Marques Colston (WR); Dallas Clark (TE)
811151,2009-12-07,2009,BurrowingMule,LaDainian Tomlinson (RB)
811151,2009-12-07,2009,ajg21,Frank Gore (RB)
810687,2009-12-06,2009,?,Cedric Benson (RB)
810687,2009-12-06,2009,ajg21,Ryan Fitzpatrick (QB); Cadillac Williams (RB); Mario Manningham (WR)
808274,2009-12-05,2009,?,Matt Forte (RB)
808274,2009-12-05,2009,?,Steve Slaton (RB)
808270,2009-12-02,2009,?,Matt Schaub (QB)
808270,2009-12-02,2009,?,Kurt Warner (QB); Devin Hester (WR)
804972,2009-11-30,2009,BurrowingMule,Wes Welker (WR)
804972,2009-11-30,2009,ajg21,Laurence Maroney (RB); Percy Harvin (WR)
800914,2009-11-25,2009,ajg21,LaDainian Tomlinson (RB); Jamaal Charles (RB); Roddy White (WR); Brandon Pettigrew (TE)
800914,2009-11-25,2009,?,Matt Cassel (QB); Adrian Peterson (RB)
798471,2009-11-25,2009,?,Joe Nedney (K)
798471,2009-11-25,2009,?,Nick Folk (K)
786866,2009-11-18,2009,?,Kevin Smith (RB); Lee Evans (WR)
786866,2009-11-18,2009,?,Vernon Davis (TE)
781291,2009-11-16,2009,JGERK,Stephen Gostkowski (K)
781291,2009-11-16,2009,?,Hakeem Nicks (WR); Neil Rackers (K)
773839,2009-11-12,2009,Ryan505,Chad Johnson (WR)
773839,2009-11-12,2009,?,Greg Jennings (WR); Carolina Panthers (D/ST)
773710,2009-11-12,2009,BurrowingMule,Frank Gore (RB)
773710,2009-11-12,2009,?,Matt Schaub (QB); Justin Fargas (RB)
765350,2009-11-10,2009,?,Vernon Davis (TE)
765350,2009-11-10,2009,?,Brett Favre (QB)
749035,2009-11-05,2009,?,Steve Breaston (WR)
749035,2009-11-05,2009,?,Santonio Holmes (WR)
734558,2009-10-29,2009,Ryan505,Brent Celek (TE)
734558,2009-10-29,2009,?,Bernard Berrian (WR)
733603,2009-10-29,2009,?,Joseph Addai (RB)
733603,2009-10-29,2009,?,Braylon Edwards (WR)
731185,2009-10-28,2009,?,Santonio Holmes (WR)
731185,2009-10-28,2009,?,Steve Breaston (WR); Roy Williams (WR)
728591,2009-10-27,2009,JGERK,Heath Miller (TE)
728591,2009-10-27,2009,ajg21,Reggie Bush (RB); Patrick Crayton (WR)
718161,2009-10-24,2009,JGERK,Steven Jackson (RB)
718161,2009-10-24,2009,ajg21,Heath Miller (TE)
713527,2009-10-22,2009,Ryan505,Fred Jackson (RB)
713527,2009-10-22,2009,?,Donnie Avery (WR)
711481,2009-10-22,2009,?,Devin Hester (WR)
711481,2009-10-22,2009,BurrowingMule,Laurence Maroney (RB)
711380,2009-10-22,2009,?,Correll Buckhalter (RB); Sammy Morris (RB); Pierre Garcon (WR); Vernon Davis (TE)
711380,2009-10-22,2009,?,LaDainian Tomlinson (RB); Robert Royal (TE)
709984,2009-10-21,2009,JGERK,Reggie Bush (RB)
709984,2009-10-21,2009,?,Steve Breaston (WR)
691130,2009-10-15,2009,Ryan505,Seattle Seahawks (D/ST)
691130,2009-10-15,2009,JGERK,Steve Breaston (WR); Patrick Crayton (WR)
681883,2009-10-13,2009,JGERK,Trent Edwards (QB)
681883,2009-10-13,2009,BurrowingMule,Tom Brady (QB)
681809,2009-10-13,2009,?,Maurice Jones-Drew (RB); Johnny Knox (WR)
681809,2009-10-13,2009,?,Rashard Mendenhall (RB); Dwayne Bowe (WR); Visanthe Shiancoe (TE)
670442,2009-10-08,2009,JGERK,Michael Crabtree (WR)
670442,2009-10-08,2009,BurrowingMule,
670438,2009-10-08,2009,JGERK,Larry Fitzgerald (WR)
670438,2009-10-08,2009,BurrowingMule,Randy Moss (WR)
670382,2009-10-08,2009,JGERK,Tom Brady (QB)
670382,2009-10-08,2009,BurrowingMule,Trent Edwards (QB)
602645,2009-09-15,2009,?,Justin Gage (WR); Lance Moore (WR)
602645,2009-09-15,2009,?,Roddy White (WR)
587992,2009-09-08,2009,?,Green Bay Packers (D/ST)
587992,2009-09-08,2009,?,New York Jets (D/ST)
